sample_id,url,title,gold_label,consensus_label,blog_votes,non_blog_votes,per_model_predictions
http://022.cdlchd.com/,http://022.cdlchd.com,天津H5开发公司-蓝橙互动|天津公众号开发公司|天津线下体感游戏定制|天津IP形象设计公司,non_blog,non_blog,0,6,structured:non_blog:0.0183;structured_rf:non_blog:0.0000;structured_svm:non_blog:0.0047;tfidf:non_blog:0.0001;tfidf_nb:non_blog:0.0012;tfidf_svm:non_blog:0.0055
http://56zhuce.com/,http://56zhuce.com/,国内代孕咨询机构_私人56宝贝孕妈供卵代怀服务_单身户口试管助孕公司,non_blog,non_blog,0,6,structured:non_blog:0.1306;structured_rf:non_blog:0.1450;structured_svm:non_blog:0.0329;tfidf:non_blog:0.0000;tfidf_nb:non_blog:0.0112;tfidf_svm:non_blog:0.0016
http://bigbigben.com/,http://bigbigben.com/,大西洋暖流,blog,blog,2,4,structured:blog:0.5815;structured_rf:blog:0.5441;structured_svm:non_blog:0.2849;tfidf:non_blog:0.0010;tfidf_nb:non_blog:0.0732;tfidf_svm:non_blog:0.0243
http://bj.99.com.cn/,http://bj.99.com.cn,����_99������,non_blog,non_blog,0,6,structured:non_blog:0.0515;structured_rf:non_blog:0.1750;structured_svm:non_blog:0.0237;tfidf:non_blog:0.0004;tfidf_nb:non_blog:0.0277;tfidf_svm:non_blog:0.0107
http://brain1981.com/,http://brain1981.com,Brain的技术笔记 - WordPress建站开发教程与技术研究,blog,non_blog,0,6,structured:non_blog:0.0879;structured_rf:non_blog:0.1600;structured_svm:non_blog:0.0196;tfidf:non_blog:0.0152;tfidf_nb:non_blog:0.1167;tfidf_svm:non_blog:0.2044
http://coding.net/,http://coding.net/,DevOps_DevOps 解决方案_一站式 DevOps_开发者工具 | 腾讯云 CODING DevOps,non_blog,non_blog,0,6,structured:non_blog:0.0760;structured_rf:non_blog:0.0050;structured_svm:non_blog:0.0157;tfidf:non_blog:0.0000;tfidf_nb:non_blog:0.0022;tfidf_svm:non_blog:0.0007
http://demo.gadmin8.com/,http://demo.gadmin8.com,流之云科技产品展示平台——优秀产品推荐平台,non_blog,non_blog,0,6,structured:non_blog:0.0923;structured_rf:non_blog:0.1024;structured_svm:non_blog:0.0320;tfidf:non_blog:0.0002;tfidf_nb:non_blog:0.0285;tfidf_svm:non_blog:0.0102
http://docs.cloud.consul.antdvue.xiaomayicloud.com/,http://docs.cloud.consul.antdvue.xiaomayicloud.com,小蚂蚁云文档 | 小蚂蚁云微服务Consul+AntDesign版,non_blog,non_blog,0,6,structured:non_blog:0.0004;structured_rf:non_blog:0.0200;structured_svm:non_blog:0.0002;tfidf:non_blog:0.0000;tfidf_nb:non_blog:0.0000;tfidf_svm:non_blog:0.0016
http://docs.cloud.nacos.naivevue.xiaomayicloud.com/,http://docs.cloud.nacos.naivevue.xiaomayicloud.com,小蚂蚁云文档 | 小蚂蚁云微服务Nacos+NaiveUI版,non_blog,non_blog,0,6,structured:non_blog:0.0004;structured_rf:non_blog:0.0000;structured_svm:non_blog:0.0003;tfidf:non_blog:0.0002;tfidf_nb:non_blog:0.0001;tfidf_svm:non_blog:0.0145
http://fj.cdlchd.com/,http://fj.cdlchd.com,"厦门H5开发公司,厦门H5游戏开发,厦门H5开发公司-蓝橙互动,专业厦门H5游戏制作",non_blog,non_blog,0,6,structured:non_blog:0.0377;structured_rf:non_blog:0.0050;structured_svm:non_blog:0.0113;tfidf:non_blog:0.0000;tfidf_nb:non_blog:0.0003;tfidf_svm:non_blog:0.0023
http://food.qianggen.net/,http://food.qianggen.net,吃在北京-北京美食网|北京吃喝|酒吧餐厅全攻略|特色餐厅推荐|老北京小吃！,non_blog,non_blog,0,6,structured:non_blog:0.0472;structured_rf:non_blog:0.0400;structured_svm:non_blog:0.0138;tfidf:non_blog:0.0002;tfidf_nb:non_blog:0.0031;tfidf_svm:non_blog:0.0083
http://games.cdlchd.com/,http://games.cdlchd.com,微信H5游戏制作|消除类H5游戏制作|H5游戏开发|蓝橙互动-H5游戏制作公司,non_blog,non_blog,0,6,structured:non_blog:0.0400;structured_rf:non_blog:0.0250;structured_svm:non_blog:0.0120;tfidf:non_blog:0.0002;tfidf_nb:non_blog:0.0044;tfidf_svm:non_blog:0.0102
http://home.baidu.com/,http://home.baidu.com,关于百度,non_blog,non_blog,0,6,structured:non_blog:0.2990;structured_rf:non_blog:0.2781;structured_svm:non_blog:0.1360;tfidf:non_blog:0.0003;tfidf_nb:non_blog:0.0012;tfidf_svm:non_blog:0.0210
http://hr.cdlchd.com/,http://hr.cdlchd.com,私域游戏定制|APP运营游戏定制|支付宝小程序开发|会员营销游戏定制-蓝橙科技,non_blog,non_blog,0,6,structured:non_blog:0.0464;structured_rf:non_blog:0.0050;structured_svm:non_blog:0.0141;tfidf:non_blog:0.0000;tfidf_nb:non_blog:0.0011;tfidf_svm:non_blog:0.0024
http://ife.baidu.com/,http://ife.baidu.com/,百度前端技术学园,non_blog,blog,1,5,structured:non_blog:0.2450;structured_rf:blog:0.5456;structured_svm:non_blog:0.1033;tfidf:non_blog:0.0022;tfidf_nb:non_blog:0.0021;tfidf_svm:non_blog:0.0811
http://mail.sina.com.cn/,http://mail.sina.com.cn/,新浪邮箱触屏版,non_blog,non_blog,0,6,structured:non_blog:0.0824;structured_rf:non_blog:0.4574;structured_svm:non_blog:0.0405;tfidf:non_blog:0.0002;tfidf_nb:non_blog:0.0052;tfidf_svm:non_blog:0.0083
http://manage.antdvue.xiaomayicloud.com/,http://manage.antdvue.xiaomayicloud.com,小蚂蚁云数据中台,non_blog,non_blog,0,6,structured:non_blog:0.0350;structured_rf:non_blog:0.0274;structured_svm:non_blog:0.0157;tfidf:non_blog:0.0003;tfidf_nb:non_blog:0.0005;tfidf_svm:non_blog:0.0124
http://manage.elevue.xiaomayicloud.com/,http://manage.elevue.xiaomayicloud.com,小蚂蚁云后台管理系统,non_blog,non_blog,0,6,structured:non_blog:0.0315;structured_rf:non_blog:0.0074;structured_svm:non_blog:0.0138;tfidf:non_blog:0.0001;tfidf_nb:non_blog:0.0001;tfidf_svm:non_blog:0.0106
http://mrui-web.hzchu.top/,http://mrui-web.hzchu.top/,MIROUTER-UI,non_blog,blog,2,4,structured:non_blog:0.1728;structured_rf:non_blog:0.1650;structured_svm:non_blog:0.0941;tfidf:blog:0.5484;tfidf_nb:non_blog:0.3675;tfidf_svm:blog:0.7693
http://music.163.com/,http://music.163.com/,网易云音乐,non_blog,non_blog,0,6,structured:non_blog:0.2010;structured_rf:non_blog:0.2040;structured_svm:non_blog:0.0745;tfidf:non_blog:0.0000;tfidf_nb:non_blog:0.0123;tfidf_svm:non_blog:0.0004
http://news.baidu.com/,http://news.baidu.com/,百度新闻——海量中文资讯平台,non_blog,non_blog,0,6,structured:non_blog:0.1811;structured_rf:non_blog:0.1874;structured_svm:non_blog:0.0705;tfidf:non_blog:0.0000;tfidf_nb:non_blog:0.0004;tfidf_svm:non_blog:0.0004
http://njsvi.com/,http://njsvi.com/,服务支持-腾龙在线客服,non_blog,blog,1,5,structured:blog:0.5448;structured_rf:non_blog:0.4579;structured_svm:non_blog:0.2476;tfidf:non_blog:0.0000;tfidf_nb:non_blog:0.0075;tfidf_svm:non_blog:0.0013
http://pan.baidu.com/,http://pan.baidu.com/,百度网盘-免费云盘丨文件共享软件丨超大容量丨存储安全,non_blog,blog,1,5,structured:non_blog:0.0856;structured_rf:blog:0.6400;structured_svm:non_blog:0.0299;tfidf:non_blog:0.0000;tfidf_nb:non_blog:0.0008;tfidf_svm:non_blog:0.0011
http://qcloud.com/,http://qcloud.com,腾讯云 产业智变·云启未来 - 腾讯,non_blog,non_blog,0,6,structured:non_blog:0.4468;structured_rf:non_blog:0.4677;structured_svm:non_blog:0.1693;tfidf:non_blog:0.0000;tfidf_nb:non_blog:0.0008;tfidf_svm:non_blog:0.0008
http://sh.leju.com/,http://sh.leju.com,"【上海房产网】上海房产信息网,找新房,二手房,租房上乐居-上海乐居",non_blog,non_blog,0,6,structured:non_blog:0.0825;structured_rf:non_blog:0.0950;structured_svm:non_blog:0.0256;tfidf:non_blog:0.0000;tfidf_nb:non_blog:0.0128;tfidf_svm:non_blog:0.0028
http://shenzsj.cdlchd.com/,http://shenzsj.cdlchd.com,深圳|营销物料设计公司|深圳吉祥物设计公司|深圳画册设计公司|深圳UI设计外包-蓝橙视觉,non_blog,non_blog,0,6,structured:non_blog:0.0277;structured_rf:non_blog:0.0050;structured_svm:non_blog:0.0078;tfidf:non_blog:0.0001;tfidf_nb:non_blog:0.0021;tfidf_svm:non_blog:0.0048
http://szxsaj.cefa123.com/,http://szxsaj.cefa123.com,深圳刑事案件律师事务所【免费咨询】深圳刑事案件律师网,non_blog,non_blog,0,6,structured:non_blog:0.0515;structured_rf:non_blog:0.0100;structured_svm:non_blog:0.0153;tfidf:non_blog:0.0000;tfidf_nb:non_blog:0.0094;tfidf_svm:non_blog:0.0026
http://tv.cctv.com/,http://tv.cctv.com/,CCTV节目官网_央视网,non_blog,non_blog,0,6,structured:non_blog:0.2298;structured_rf:non_blog:0.3050;structured_svm:non_blog:0.0939;tfidf:non_blog:0.0000;tfidf_nb:non_blog:0.0129;tfidf_svm:non_blog:0.0008
http://whsj.cdlchd.com/,http://whsj.cdlchd.com,武汉品牌设计公司|武汉宣传册设计公司|武汉IP形象设计公司-蓝橙视觉|UI设计公司,non_blog,non_blog,0,6,structured:non_blog:0.0366;structured_rf:non_blog:0.0100;structured_svm:non_blog:0.0109;tfidf:non_blog:0.0000;tfidf_nb:non_blog:0.0014;tfidf_svm:non_blog:0.0046
http://wmvideo.com/,http://wmvideo.com/,免费照片视频制作软件_照片做成视频的软件_制作照片视频的软件 - 万彩影像大师官网,non_blog,non_blog,0,6,structured:non_blog:0.1263;structured_rf:non_blog:0.0150;structured_svm:non_blog:0.0337;tfidf:non_blog:0.0000;tfidf_nb:non_blog:0.0042;tfidf_svm:non_blog:0.0002
http://www.009.com/,http://www.009.com/,,non_blog,non_blog,0,6,structured:non_blog:0.0305;structured_rf:non_blog:0.0750;structured_svm:non_blog:0.0225;tfidf:non_blog:0.0000;tfidf_nb:non_blog:0.0070;tfidf_svm:non_blog:0.0017
http://www.126.com/,http://www.126.com/,126网易免费邮-你的专业电子邮局,non_blog,non_blog,0,6,structured:non_blog:0.1055;structured_rf:non_blog:0.1950;structured_svm:non_blog:0.0342;tfidf:non_blog:0.0001;tfidf_nb:non_blog:0.0141;tfidf_svm:non_blog:0.0056
http://www.198526.com/,http://www.198526.com/,上海家政网【家政港上海分站】上海家政公司及雇主常用网站！,non_blog,non_blog,0,6,structured:non_blog:0.0323;structured_rf:non_blog:0.0870;structured_svm:non_blog:0.0082;tfidf:non_blog:0.0000;tfidf_nb:non_blog:0.0032;tfidf_svm:non_blog:0.0008
http://www.3m4.cn/,http://www.3M4.cn/,模板建站-网站建设-H5游戏微网站模板 -（3天快速自助建站）,non_blog,non_blog,0,6,structured:non_blog:0.0600;structured_rf:non_blog:0.0192;structured_svm:non_blog:0.0178;tfidf:non_blog:0.0002;tfidf_nb:non_blog:0.0029;tfidf_svm:non_blog:0.0102
http://www.51cto.com/,http://www.51cto.com,,non_blog,non_blog,0,6,structured:non_blog:0.0341;structured_rf:non_blog:0.0550;structured_svm:non_blog:0.0266;tfidf:non_blog:0.0000;tfidf_nb:non_blog:0.0048;tfidf_svm:non_blog:0.0018
http://www.53fenxiao.com/,http://www.53fenxiao.com/,汇商通电商分销系统软件_一键上传一件代发系统_专业批发市场电商分销平台,non_blog,non_blog,0,6,structured:non_blog:0.0323;structured_rf:non_blog:0.1150;structured_svm:non_blog:0.0094;tfidf:non_blog:0.0000;tfidf_nb:non_blog:0.0035;tfidf_svm:non_blog:0.0012
http://www.abchina.com/,http://www.abchina.com/,中国农业银行,non_blog,non_blog,0,6,structured:non_blog:0.2561;structured_rf:non_blog:0.2457;structured_svm:non_blog:0.1105;tfidf:non_blog:0.0000;tfidf_nb:non_blog:0.0014;tfidf_svm:non_blog:0.0006
http://www.all91.com/,http://www.all91.com,,non_blog,non_blog,0,6,structured:non_blog:0.0341;structured_rf:non_blog:0.0550;structured_svm:non_blog:0.0266;tfidf:non_blog:0.0003;tfidf_nb:non_blog:0.0390;tfidf_svm:non_blog:0.0100
http://www.bangongziyuan.com/,http://www.bangongziyuan.com/,办公资源网_精品PPT模板下载网站_海量办公素材资源可供下载_动起办公,non_blog,non_blog,0,6,structured:non_blog:0.0380;structured_rf:non_blog:0.0100;structured_svm:non_blog:0.0117;tfidf:non_blog:0.0000;tfidf_nb:non_blog:0.0035;tfidf_svm:non_blog:0.0009
http://www.bim188.com/,http://www.bim188.com/,,non_blog,non_blog,0,6,structured:non_blog:0.0282;structured_rf:non_blog:0.0950;structured_svm:non_blog:0.0210;tfidf:non_blog:0.0000;tfidf_nb:non_blog:0.0058;tfidf_svm:non_blog:0.0032
http://www.bnia.cn/,http://www.bnia.cn/,北京网络行业协会,non_blog,non_blog,0,6,structured:non_blog:0.2646;structured_rf:non_blog:0.2500;structured_svm:non_blog:0.1137;tfidf:non_blog:0.0002;tfidf_nb:non_blog:0.0038;tfidf_svm:non_blog:0.0083
http://www.cgahz.com/,http://www.cgahz.com/,CG爱好者网 - ae模板 | 3D模型下载 | ae模板免费下载 | AE素材,non_blog,non_blog,0,6,structured:non_blog:0.0441;structured_rf:non_blog:0.0750;structured_svm:non_blog:0.0135;tfidf:non_blog:0.0000;tfidf_nb:non_blog:0.0025;tfidf_svm:non_blog:0.0007
http://www.china-bnbr.com/,http://www.china-bnbr.com/,北京北方巴特莱索道技术股份有限公司_脱挂式索道_固定式索道,non_blog,non_blog,0,6,structured:non_blog:0.0571;structured_rf:non_blog:0.0400;structured_svm:non_blog:0.0272;tfidf:non_blog:0.0000;tfidf_nb:non_blog:0.0011;tfidf_svm:non_blog:0.0008
http://www.chuannei.cn/,http://www.chuannei.cn/,"川内生活 - 实用查询工具,最新火车时刻表,自驾路书查询",non_blog,non_blog,0,6,structured:non_blog:0.0826;structured_rf:non_blog:0.0450;structured_svm:non_blog:0.0277;tfidf:non_blog:0.0088;tfidf_nb:non_blog:0.0127;tfidf_svm:non_blog:0.1227
http://www.clhweb.com/,http://www.clhweb.com/,"南隼互动丨Clh【官方】-深圳网站设计及建设公司,为企业提供数字化品牌和产品营销解决方案",non_blog,non_blog,0,6,structured:non_blog:0.0288;structured_rf:non_blog:0.1300;structured_svm:non_blog:0.0087;tfidf:non_blog:0.0000;tfidf_nb:non_blog:0.0008;tfidf_svm:non_blog:0.0024
http://www.cnldlh.com/,http://www.cnldlh.com/,旅游规划_旅游策划_乡村旅游规划_景区规划设计_旅游规划设计公司-北京绿道联合旅游规划设计有限公司,non_blog,non_blog,0,6,structured:non_blog:0.0239;structured_rf:non_blog:0.0000;structured_svm:non_blog:0.0067;tfidf:non_blog:0.0000;tfidf_nb:non_blog:0.0001;tfidf_svm:non_blog:0.0000
http://www.crzdh.cn/,http://www.crzdh.cn,温度变送器-一体化温度变送器-温度传感器-PT100温度传感器-热电阻传感器-热电偶传感器-温度变送器公司,non_blog,non_blog,0,6,structured:non_blog:0.0215;structured_rf:non_blog:0.0050;structured_svm:non_blog:0.0058;tfidf:non_blog:0.0007;tfidf_nb:non_blog:0.0080;tfidf_svm:non_blog:0.0220
http://www.domeke.com/,http://www.domeke.com,宿舍管理系统_智慧园区系统_房屋/房产管理系统_公寓管理系统,non_blog,non_blog,0,6,structured:non_blog:0.0812;structured_rf:non_blog:0.1500;structured_svm:non_blog:0.0261;tfidf:non_blog:0.0000;tfidf_nb:non_blog:0.0007;tfidf_svm:non_blog:0.0004
http://www.dragongod.net/,http://www.dragongod.net/,龙天小筑 - 生活 技术 记录,blog,blog,2,4,structured:non_blog:0.1726;structured_rf:non_blog:0.1850;structured_svm:non_blog:0.0625;tfidf:blog:0.9071;tfidf_nb:non_blog:0.3622;tfidf_svm:blog:0.9551
http://www.eqiday.com/,http://www.eqiday.com,南京小程序开发_H5开发_公众号开发_网站建设_网站制作_做网站公司-南京易企达网络,non_blog,non_blog,0,6,structured:non_blog:0.0417;structured_rf:non_blog:0.0700;structured_svm:non_blog:0.0116;tfidf:non_blog:0.0000;tfidf_nb:non_blog:0.0010;tfidf_svm:non_blog:0.0011
http://www.formysql.com/,http://www.formysql.com,Navicat中文网站-Navicat官方授权经销商_Navicat Mysql数据库管理工具下载,non_blog,non_blog,0,6,structured:non_blog:0.0182;structured_rf:non_blog:0.2700;structured_svm:non_blog:0.0053;tfidf:non_blog:0.0000;tfidf_nb:non_blog:0.0020;tfidf_svm:non_blog:0.0003
http://www.gaosan.com/,http://www.gaosan.com/,高三网_高中学习和高考升学平台,non_blog,non_blog,0,6,structured:non_blog:0.1693;structured_rf:non_blog:0.2724;structured_svm:non_blog:0.0647;tfidf:non_blog:0.0001;tfidf_nb:non_blog:0.0065;tfidf_svm:non_blog:0.0093
http://www.gimsun.com/,http://www.gimsun.com/,Visual Merchandising Window Displays & Custom Display Props Manufacturer,non_blog,non_blog,0,6,structured:non_blog:0.0055;structured_rf:non_blog:0.0100;structured_svm:non_blog:0.0013;tfidf:non_blog:0.0000;tfidf_nb:non_blog:0.0006;tfidf_svm:non_blog:0.0004
http://www.gongsibao.com/,http://www.gongsibao.com/,公司注册_商标注册_代理记账_ICP许可证申请-公司宝官网,non_blog,non_blog,0,6,structured:non_blog:0.0753;structured_rf:non_blog:0.0400;structured_svm:non_blog:0.0239;tfidf:non_blog:0.0000;tfidf_nb:non_blog:0.0003;tfidf_svm:non_blog:0.0001
http://www.gtsonic.cn/,http://www.gtsonic.cn,广东固特超声股份有限公司-首页,non_blog,non_blog,0,6,structured:non_blog:0.1693;structured_rf:non_blog:0.2724;structured_svm:non_blog:0.0647;tfidf:non_blog:0.0005;tfidf_nb:non_blog:0.0079;tfidf_svm:non_blog:0.0158
http://www.hjenglish.com/,http://www.hjenglish.com/,沪江英语-沪江旗下英语学习资讯网站_免费英语学习网站,non_blog,non_blog,0,6,structured:non_blog:0.0787;structured_rf:non_blog:0.0050;structured_svm:non_blog:0.0269;tfidf:non_blog:0.0000;tfidf_nb:non_blog:0.0073;tfidf_svm:non_blog:0.0034
http://www.hongxiu.com/,http://www.hongxiu.com/,红袖读书_好看的小说免费阅读 - 阅文集团旗下网站,non_blog,non_blog,0,6,structured:non_blog:0.0931;structured_rf:non_blog:0.0050;structured_svm:non_blog:0.0328;tfidf:non_blog:0.0053;tfidf_nb:non_blog:0.0529;tfidf_svm:non_blog:0.0673
http://www.ijizhi.com/,http://www.ijizhi.com,������ƹ�˾-logo���-VI���-��������Ʒ��������޹�˾,non_blog,non_blog,0,6,structured:non_blog:0.0275;structured_rf:non_blog:0.0650;structured_svm:non_blog:0.0098;tfidf:non_blog:0.0001;tfidf_nb:non_blog:0.0044;tfidf_svm:non_blog:0.0081
http://www.iqshw.com/,http://www.iqshw.com,,non_blog,non_blog,0,6,structured:non_blog:0.0469;structured_rf:non_blog:0.0000;structured_svm:non_blog:0.0404;tfidf:non_blog:0.0000;tfidf_nb:non_blog:0.0030;tfidf_svm:non_blog:0.0023
http://www.jin10.com/,http://www.jin10.com/,金十数据 官方网站 - 一个交易工具！,non_blog,non_blog,0,6,structured:non_blog:0.1131;structured_rf:non_blog:0.0550;structured_svm:non_blog:0.0383;tfidf:non_blog:0.0001;tfidf_nb:non_blog:0.0036;tfidf_svm:non_blog:0.0080
http://www.kindyear.cn/,http://www.kindyear.cn/,KINDYEAR Blog,blog,blog,5,1,structured:blog:0.9160;structured_rf:blog:0.6550;structured_svm:blog:0.8918;tfidf:blog:0.9810;tfidf_nb:non_blog:0.1377;tfidf_svm:blog:0.9752
http://www.kyky.com.cn/,http://www.kyky.com.cn/,首页_北京中科科仪股份有限公司|国内尖端科学仪器设备及真空技术的领军者,non_blog,non_blog,0,6,structured:non_blog:0.0144;structured_rf:non_blog:0.0600;structured_svm:non_blog:0.0057;tfidf:non_blog:0.0000;tfidf_nb:non_blog:0.0008;tfidf_svm:non_blog:0.0025
http://www.landiannews.com/,http://www.landiannews.com/,蓝点网 - 给你感兴趣的内容,non_blog,non_blog,0,6,structured:non_blog:0.1467;structured_rf:non_blog:0.3216;structured_svm:non_blog:0.0576;tfidf:non_blog:0.0020;tfidf_nb:non_blog:0.0479;tfidf_svm:non_blog:0.0440
http://www.lizus.com/,http://www.lizus.com/,Lizus - WordPress站点长期技术支持合作,non_blog,blog,1,5,structured:non_blog:0.0807;structured_rf:blog:0.5950;structured_svm:non_blog:0.0282;tfidf:non_blog:0.0000;tfidf_nb:non_blog:0.0029;tfidf_svm:non_blog:0.0034
http://www.loogear.com/,http://www.loogear.com/,企业即时通讯-统一通信-VoIP-IP电话-电话会议-视频会议-呼叫中心-PTT Loogear 劳格科技官方网站,non_blog,non_blog,0,6,structured:non_blog:0.0173;structured_rf:non_blog:0.0100;structured_svm:non_blog:0.0040;tfidf:non_blog:0.0000;tfidf_nb:non_blog:0.0007;tfidf_svm:non_blog:0.0011
http://www.maguang.net/,http://www.maguang.net/,半省堂 – 东亚海洋史,blog,non_blog,0,6,structured:non_blog:0.2094;structured_rf:non_blog:0.0865;structured_svm:non_blog:0.0847;tfidf:non_blog:0.0002;tfidf_nb:non_blog:0.0180;tfidf_svm:non_blog:0.0093
http://www.miyanlife.com/,http://www.miyanlife.com,蜜颜网,non_blog,non_blog,0,6,structured:non_blog:0.2838;structured_rf:non_blog:0.3958;structured_svm:non_blog:0.1279;tfidf:non_blog:0.0000;tfidf_nb:non_blog:0.0076;tfidf_svm:non_blog:0.0020
http://www.mosheji.cn/,http://www.mosheji.cn/,郑州墨香品牌设计公司|品牌全案VI设计公司,non_blog,non_blog,0,6,structured:non_blog:0.1148;structured_rf:non_blog:0.0274;structured_svm:non_blog:0.0422;tfidf:non_blog:0.0004;tfidf_nb:non_blog:0.0038;tfidf_svm:non_blog:0.0148
http://www.netconst.net/,http://www.netconst.net/,深圳网站建设-量身定制原创设计-专业网站建设公司【企术】,non_blog,non_blog,0,6,structured:non_blog:0.0786;structured_rf:non_blog:0.0000;structured_svm:non_blog:0.0261;tfidf:non_blog:0.0000;tfidf_nb:non_blog:0.0011;tfidf_svm:non_blog:0.0006
http://www.oebrand.com.cn/,http://www.oebrand.com.cn/,文创ip产品-ip设计-卡通品牌ip形象-吉祥物设计-橙象设计,non_blog,non_blog,0,6,structured:non_blog:0.0196;structured_rf:non_blog:0.1050;structured_svm:non_blog:0.0074;tfidf:non_blog:0.0000;tfidf_nb:non_blog:0.0013;tfidf_svm:non_blog:0.0010
http://www.ourstu.com/,http://www.ourstu.com/,www.ourstu.com-官网首页,non_blog,non_blog,0,6,structured:non_blog:0.1533;structured_rf:non_blog:0.1850;structured_svm:non_blog:0.0565;tfidf:non_blog:0.0000;tfidf_nb:non_blog:0.0024;tfidf_svm:non_blog:0.0007
http://www.plutovac.net/,http://www.plutovac.net,小型等离子清洗机-国产等离子去胶机-等离子表面处理机厂家-上海沛沅仪器,non_blog,non_blog,0,6,structured:non_blog:0.0487;structured_rf:non_blog:0.0100;structured_svm:non_blog:0.0153;tfidf:non_blog:0.0000;tfidf_nb:non_blog:0.0079;tfidf_svm:non_blog:0.0026
http://www.ppt.cn/,http://www.ppt.cn/,AI生成PPT模板 - PPT智能文案与排版--PPT.CN,non_blog,non_blog,0,6,structured:non_blog:0.0918;structured_rf:non_blog:0.0200;structured_svm:non_blog:0.0313;tfidf:non_blog:0.0000;tfidf_nb:non_blog:0.0046;tfidf_svm:non_blog:0.0026
http://www.qibuluo.com/,http://www.qibuluo.com/,"骑部落 自行车骑行网,专注骑行装备与骑行攻略,来一起骑行吧！",non_blog,non_blog,0,6,structured:non_blog:0.0721;structured_rf:non_blog:0.0121;structured_svm:non_blog:0.0237;tfidf:non_blog:0.0000;tfidf_nb:non_blog:0.0033;tfidf_svm:non_blog:0.0023
http://www.qiniu.com/,http://www.qiniu.com/,七牛云 | 一站式中立音视频云 + AI,non_blog,non_blog,0,6,structured:non_blog:0.1422;structured_rf:non_blog:0.0450;structured_svm:non_blog:0.0541;tfidf:non_blog:0.0000;tfidf_nb:non_blog:0.0057;tfidf_svm:non_blog:0.0006
http://www.qyunxi.com/,http://www.qyunxi.com,新一代AI智能印章-智能印章管理-安徽云玺量子科技有限公司,non_blog,non_blog,0,6,structured:non_blog:0.0741;structured_rf:non_blog:0.1020;structured_svm:non_blog:0.0251;tfidf:non_blog:0.0000;tfidf_nb:non_blog:0.0039;tfidf_svm:non_blog:0.0026
http://www.redocn.com/,http://www.redocn.com/,"红动中国-原创正版设计素材平台,提供文化墙模板、展板模板、海报、AI出图、AIPPT生成,会员免费下载",non_blog,non_blog,0,6,structured:non_blog:0.0240;structured_rf:non_blog:0.0200;structured_svm:non_blog:0.0062;tfidf:non_blog:0.0000;tfidf_nb:non_blog:0.0012;tfidf_svm:non_blog:0.0003
http://www.runoob.com/,http://www.runoob.com/,菜鸟教程,non_blog,non_blog,0,6,structured:non_blog:0.2990;structured_rf:non_blog:0.2781;structured_svm:non_blog:0.1360;tfidf:non_blog:0.0001;tfidf_nb:non_blog:0.0112;tfidf_svm:non_blog:0.0082
http://www.sheji-china.cn/,http://www.sheji-china.cn/,【设计中国】十大设计品牌_中国设计品牌作品_用设计创造价值！,non_blog,non_blog,0,6,structured:non_blog:0.0585;structured_rf:non_blog:0.0100;structured_svm:non_blog:0.0273;tfidf:non_blog:0.0001;tfidf_nb:non_blog:0.0038;tfidf_svm:non_blog:0.0042
http://www.sj33.cn/,http://www.sj33.cn,设计之家 – 传播先进设计理念 推动原创设计发展,non_blog,non_blog,0,6,structured:non_blog:0.0860;structured_rf:non_blog:0.2250;structured_svm:non_blog:0.0276;tfidf:non_blog:0.0000;tfidf_nb:non_blog:0.0023;tfidf_svm:non_blog:0.0035
http://www.soyang.cc/,http://www.soyang.cc,品牌策划_全案设计_全案营销策划_深圳品牌策划公司_向扬品牌,non_blog,non_blog,0,6,structured:non_blog:0.0851;structured_rf:non_blog:0.0500;structured_svm:non_blog:0.0275;tfidf:non_blog:0.0001;tfidf_nb:non_blog:0.0059;tfidf_svm:non_blog:0.0046
http://www.stat.go.jp/,http://www.stat.go.jp/,���v�ǃz�[���y�[�W,non_blog,non_blog,0,6,structured:non_blog:0.0604;structured_rf:non_blog:0.3550;structured_svm:non_blog:0.0267;tfidf:non_blog:0.0007;tfidf_nb:non_blog:0.0311;tfidf_svm:non_blog:0.0141
http://www.sxyun.com/,http://www.sxyun.com/,小O设计库·云渲染_3dmax渲染_室内效果渲染_欧模网客户端,non_blog,non_blog,0,6,structured:non_blog:0.0797;structured_rf:non_blog:0.0700;structured_svm:non_blog:0.0256;tfidf:non_blog:0.0000;tfidf_nb:non_blog:0.0010;tfidf_svm:non_blog:0.0001
http://www.tianmupr.com/,http://www.tianmupr.com/,www.活动策划_活动公司_活动策划公司_天幕大业-官网首页,non_blog,non_blog,0,6,structured:non_blog:0.0791;structured_rf:non_blog:0.0150;structured_svm:non_blog:0.0243;tfidf:non_blog:0.0000;tfidf_nb:non_blog:0.0106;tfidf_svm:non_blog:0.0038
http://www.trany.cn/,http://www.trany.cn/,�Ϻ����빫˾-רҵ���빫˾����-ͬ�����빫˾/����-���뷭��,non_blog,non_blog,0,6,structured:non_blog:0.0341;structured_rf:non_blog:0.0100;structured_svm:non_blog:0.0139;tfidf:non_blog:0.0126;tfidf_nb:non_blog:0.0391;tfidf_svm:non_blog:0.1465
http://www.tuhaokuai.com/,http://www.tuhaokuai.com/,在线图片压缩！支持GIF动图压缩，PNG压缩，JPG压缩。可精确控制照片的长宽和大小。图好快出品！,non_blog,non_blog,0,6,structured:non_blog:0.0205;structured_rf:non_blog:0.0000;structured_svm:non_blog:0.0057;tfidf:non_blog:0.0001;tfidf_nb:non_blog:0.0038;tfidf_svm:non_blog:0.0056
http://www.w3cscript.com/,http://www.w3cscript.com/,在线全文阅读简嘉|亚洲国产精品成人久久综合网|AV天堂手机版在线观看网站|亚洲高清中文日本小说|日韩亚洲国产欧美精品久久,non_blog,non_blog,0,6,structured:non_blog:0.0075;structured_rf:non_blog:0.1400;structured_svm:non_blog:0.0020;tfidf:non_blog:0.0000;tfidf_nb:non_blog:0.0062;tfidf_svm:non_blog:0.0008
http://www.williamlong.info/,http://www.williamlong.info/,月光博客-关注互联网和搜索引擎的IT科技博客,blog,blog,2,4,structured:non_blog:0.0811;structured_rf:non_blog:0.1074;structured_svm:non_blog:0.0283;tfidf:blog:0.6857;tfidf_nb:non_blog:0.1979;tfidf_svm:blog:0.7845
http://www.woyaogexing.com/,http://www.woyaogexing.com/,"我要个性网 - 专注分享图片、文字等素材（头像,图片,网名,个性签名等）",non_blog,non_blog,0,6,structured:non_blog:0.0492;structured_rf:non_blog:0.0100;structured_svm:non_blog:0.0139;tfidf:non_blog:0.0002;tfidf_nb:non_blog:0.0094;tfidf_svm:non_blog:0.0087
http://www.xiami.com/,http://www.xiami.com/,音螺,non_blog,non_blog,0,6,structured:non_blog:0.3457;structured_rf:non_blog:0.3188;structured_svm:non_blog:0.1662;tfidf:non_blog:0.0211;tfidf_nb:non_blog:0.0419;tfidf_svm:non_blog:0.2109
http://www.xingxingbao.com/,http://www.xingxingbao.com/,�ֳ���_�ֳ����������ͼ_Сѧ���ֳ������� - ���Ǳ�,non_blog,non_blog,0,6,structured:non_blog:0.0233;structured_rf:non_blog:0.0450;structured_svm:non_blog:0.0087;tfidf:non_blog:0.0016;tfidf_nb:non_blog:0.0223;tfidf_svm:non_blog:0.0257
http://www.xxsy.net/,http://www.xxsy.net/,好看的言情小说推荐_女生小说在线阅读 – 潇湘书院,non_blog,non_blog,0,6,structured:non_blog:0.1071;structured_rf:non_blog:0.1300;structured_svm:non_blog:0.0385;tfidf:non_blog:0.0000;tfidf_nb:non_blog:0.0034;tfidf_svm:non_blog:0.0019
http://www.yb1518.com/,http://www.yb1518.com,������-���������Ʒ�ʱ�֤-���պ���Ǳ����޹�˾,non_blog,non_blog,0,6,structured:non_blog:0.0212;structured_rf:non_blog:0.0600;structured_svm:non_blog:0.0067;tfidf:non_blog:0.0001;tfidf_nb:non_blog:0.0157;tfidf_svm:non_blog:0.0057
http://www.yingjia360.com/,http://www.yingjia360.com/,"赢家财富网-股票入门基础知识,炒股入门知识,赢家学院股票学习网",non_blog,non_blog,0,6,structured:non_blog:0.0396;structured_rf:non_blog:0.0000;structured_svm:non_blog:0.0112;tfidf:non_blog:0.0000;tfidf_nb:non_blog:0.0066;tfidf_svm:non_blog:0.0024
http://www.yy.com/,http://www.yy.com/,YY-全民娱乐的互动直播平台,non_blog,non_blog,0,6,structured:non_blog:0.2127;structured_rf:non_blog:0.1729;structured_svm:non_blog:0.0851;tfidf:non_blog:0.0000;tfidf_nb:non_blog:0.0053;tfidf_svm:non_blog:0.0024
http://www.zhengjimt.com/,http://www.zhengjimt.com,,non_blog,non_blog,0,6,structured:non_blog:0.0385;structured_rf:non_blog:0.0000;structured_svm:non_blog:0.0327;tfidf:non_blog:0.0002;tfidf_nb:non_blog:0.0200;tfidf_svm:non_blog:0.0098
http://www.zuowen8.com/,http://www.zuowen8.com/,���İ�_��Сѧ��������_�������Ĵ�ȫ,non_blog,non_blog,0,6,structured:non_blog:0.0556;structured_rf:non_blog:0.0200;structured_svm:non_blog:0.0210;tfidf:non_blog:0.0000;tfidf_nb:non_blog:0.0060;tfidf_svm:non_blog:0.0018
http://x.cdlchd.com/,http://x.cdlchd.com,专业网站开发|网站开发制作|微信小程序定制开发|成都互动营销游戏定制-蓝橙科技,non_blog,non_blog,0,6,structured:non_blog:0.0488;structured_rf:non_blog:0.0050;structured_svm:non_blog:0.0149;tfidf:non_blog:0.0000;tfidf_nb:non_blog:0.0007;tfidf_svm:non_blog:0.0019
https://12377.cn/,https://12377.cn,违法和不良信息举报中心,non_blog,blog,4,2,structured:blog:0.6219;structured_rf:blog:0.6465;structured_svm:non_blog:0.2751;tfidf:blog:0.9095;tfidf_nb:non_blog:0.3324;tfidf_svm:blog:0.9007
https://360.cn/,https://360.cn/,360AI云盘官网-360云盘升级-安全网盘-文件同步-备份存储,non_blog,non_blog,0,6,structured:non_blog:0.4451;structured_rf:non_blog:0.1450;structured_svm:non_blog:0.1484;tfidf:non_blog:0.0384;tfidf_nb:non_blog:0.0655;tfidf_svm:non_blog:0.1834
https://7bxing.com/,https://7bxing.com,qinxs小站,blog,blog,5,1,structured:blog:0.8266;structured_rf:blog:0.8839;structured_svm:blog:0.5893;tfidf:blog:0.8596;tfidf_nb:non_blog:0.3757;tfidf_svm:blog:0.8930
https://adai.fun/,https://adai.fun,Buy adai.fun – Premium Expired .fun Domain on GoDaddy | ExpiredDomains.com,non_blog,non_blog,0,6,structured:non_blog:0.1022;structured_rf:non_blog:0.0450;structured_svm:non_blog:0.0217;tfidf:non_blog:0.1691;tfidf_nb:non_blog:0.0586;tfidf_svm:non_blog:0.4832
https://ai-sdk.dev/,https://ai-sdk.dev,AI SDK,non_blog,blog,3,3,structured:blog:0.8651;structured_rf:blog:0.6371;structured_svm:blog:0.7447;tfidf:non_blog:0.0014;tfidf_nb:non_blog:0.0399;tfidf_svm:non_blog:0.0303
https://aigc.all91.com/,https://aigc.all91.com/,数字人AIGC,non_blog,blog,1,5,structured:blog:0.5062;structured_rf:non_blog:0.3374;structured_svm:non_blog:0.2738;tfidf:non_blog:0.0012;tfidf_nb:non_blog:0.0749;tfidf_svm:non_blog:0.0179
https://aisharenet.com/,https://aisharenet.com/,AI分享圈 | 最好最全的AI免费资源分享网站,non_blog,blog,1,5,structured:blog:0.6112;structured_rf:non_blog:0.3610;structured_svm:non_blog:0.3107;tfidf:non_blog:0.0001;tfidf_nb:non_blog:0.0128;tfidf_svm:non_blog:0.0042
https://aliyundrive.com/,https://aliyundrive.com/,阿里云盘 - 备份无忧 整理有序·阿里巴巴集团出品,non_blog,blog,1,5,structured:blog:0.6094;structured_rf:non_blog:0.4350;structured_svm:non_blog:0.2982;tfidf:non_blog:0.0004;tfidf_nb:non_blog:0.0118;tfidf_svm:non_blog:0.0131
https://anmeng.asia/,https://anmeng.asia,个人博客迁移中 · FantasyLand の 暗梦,blog,blog,3,3,structured:blog:0.6223;structured_rf:non_blog:0.2294;structured_svm:non_blog:0.3185;tfidf:blog:0.9276;tfidf_nb:non_blog:0.3550;tfidf_svm:blog:0.8968
https://app.netlify.com/,https://app.netlify.com/,Netlify,non_blog,blog,1,5,structured:blog:0.5687;structured_rf:non_blog:0.1631;structured_svm:non_blog:0.3470;tfidf:non_blog:0.0007;tfidf_nb:non_blog:0.0265;tfidf_svm:non_blog:0.0151
https://asana.com/,https://asana.com/,"Manage your team’s work, projects, & tasks online • Asana",non_blog,non_blog,0,6,structured:non_blog:0.2389;structured_rf:non_blog:0.0500;structured_svm:non_blog:0.0628;tfidf:non_blog:0.0002;tfidf_nb:non_blog:0.0113;tfidf_svm:non_blog:0.0072
https://audo.ai/,https://audo.ai/,Audo Studio | One Click Audio Cleaning,non_blog,non_blog,0,6,structured:non_blog:0.0134;structured_rf:non_blog:0.0250;structured_svm:non_blog:0.1110;tfidf:non_blog:0.0008;tfidf_nb:non_blog:0.0163;tfidf_svm:non_blog:0.0164
https://b.totosay.top/,https://b.totosay.top,子宸blog,blog,blog,6,0,structured:blog:0.9871;structured_rf:blog:0.7628;structured_svm:blog:0.9856;tfidf:blog:1.0000;tfidf_nb:blog:0.9945;tfidf_svm:blog:1.0000
https://bailian.console.aliyun.com/,https://bailian.console.aliyun.com/,大模型服务平台百炼控制台,non_blog,non_blog,0,6,structured:non_blog:0.1293;structured_rf:non_blog:0.0902;structured_svm:non_blog:0.0654;tfidf:non_blog:0.0002;tfidf_nb:non_blog:0.0056;tfidf_svm:non_blog:0.0068
https://basic.smartedu.cn/,https://basic.smartedu.cn/,国家中小学智慧教育平台,non_blog,non_blog,0,6,structured:non_blog:0.4622;structured_rf:non_blog:0.2895;structured_svm:non_blog:0.2465;tfidf:non_blog:0.0563;tfidf_nb:non_blog:0.1139;tfidf_svm:non_blog:0.1983
https://beatbot.fm/,https://beatbot.fm/,beatbot.fm,non_blog,blog,3,3,structured:blog:0.8358;structured_rf:blog:0.9000;structured_svm:blog:0.6117;tfidf:non_blog:0.0826;tfidf_nb:non_blog:0.1836;tfidf_svm:non_blog:0.2616
https://blog-malachite.vercel.app/,https://blog-malachite.vercel.app/,Malachite's Blog,blog,blog,6,0,structured:blog:0.9991;structured_rf:blog:0.9399;structured_svm:blog:1.0000;tfidf:blog:0.9994;tfidf_nb:blog:0.7771;tfidf_svm:blog:0.9955
https://blog.317188.xyz/,https://blog.317188.xyz,,blog,blog,6,0,structured:blog:0.8002;structured_rf:blog:0.7541;structured_svm:blog:0.8375;tfidf:blog:0.9999;tfidf_nb:blog:0.9813;tfidf_svm:blog:1.0000
https://blog.adil.com.cn/,https://blog.adil.com.cn,Adil - 专注分享SAP优质内容,blog,blog,6,0,structured:blog:0.9052;structured_rf:blog:0.8199;structured_svm:blog:0.8900;tfidf:blog:0.9667;tfidf_nb:blog:0.5868;tfidf_svm:blog:0.9204
https://blog.asbid.cn/,https://blog.asbid.cn,梦想走过的地方 - 与青春有关的日子,blog,blog,6,0,structured:blog:0.9739;structured_rf:blog:0.8849;structured_svm:blog:0.9615;tfidf:blog:1.0000;tfidf_nb:blog:0.9864;tfidf_svm:blog:1.0000
https://blog.c12th.cn/,https://blog.c12th.cn/,Reverse - s blog,blog,blog,6,0,structured:blog:0.9994;structured_rf:blog:0.9949;structured_svm:blog:1.0000;tfidf:blog:1.0000;tfidf_nb:blog:0.9917;tfidf_svm:blog:1.0000
https://blog.crack.moe/,https://blog.crack.moe/,沨鸾的小窝 - 萌系黑客会遇到物理panic吗,blog,blog,6,0,structured:blog:0.9606;structured_rf:blog:0.8449;structured_svm:blog:0.9405;tfidf:blog:1.0000;tfidf_nb:blog:0.9912;tfidf_svm:blog:1.0000
https://blog.eurkon.com/,https://blog.eurkon.com,Eurkon - 及时当勉励，岁月不待人。,non_blog,blog,6,0,structured:blog:0.9676;structured_rf:blog:0.7999;structured_svm:blog:0.9507;tfidf:blog:0.8718;tfidf_nb:blog:0.7041;tfidf_svm:blog:0.8324
https://blog.ganxb2.com/,https://blog.ganxb2.com,廿壴博客 - 小波个人分享圈子,blog,blog,6,0,structured:blog:0.9734;structured_rf:blog:0.7849;structured_svm:blog:0.9596;tfidf:blog:1.0000;tfidf_nb:blog:0.9925;tfidf_svm:blog:1.0000
https://blog.histcat.top/,https://blog.histcat.top,Histcat's Blog - histcat的小窝,blog,blog,6,0,structured:blog:0.9990;structured_rf:blog:0.8499;structured_svm:blog:1.0000;tfidf:blog:1.0000;tfidf_nb:blog:0.9969;tfidf_svm:blog:1.0000
https://blog.insmtr.cn/,https://blog.insmtr.cn/,树 - 洞,blog,blog,6,0,structured:blog:0.9895;structured_rf:blog:0.9049;structured_svm:blog:0.9854;tfidf:blog:0.9998;tfidf_nb:blog:0.9693;tfidf_svm:blog:1.0000
https://blog.k8s.li/,https://blog.k8s.li/,Reimu's blog,blog,blog,6,0,structured:blog:0.9997;structured_rf:blog:0.9299;structured_svm:blog:1.0000;tfidf:blog:1.0000;tfidf_nb:blog:0.9960;tfidf_svm:blog:1.0000
https://blog.likesrt.com/,https://blog.likesrt.com/,云深处 - 只在此山中•云深不知处,blog,blog,6,0,structured:blog:0.9743;structured_rf:blog:0.8959;structured_svm:blog:0.9611;tfidf:blog:0.9986;tfidf_nb:blog:0.9575;tfidf_svm:blog:0.9945
https://blog.mc-sep.top/,https://blog.mc-sep.top/,Minecraft-Sep,blog,blog,6,0,structured:blog:0.9784;structured_rf:blog:0.8199;structured_svm:blog:0.9779;tfidf:blog:0.9859;tfidf_nb:blog:0.9487;tfidf_svm:blog:0.9354
https://blog.mntpaji.com/,https://blog.mntpaji.com/,Paji's blog,blog,blog,6,0,structured:blog:0.9996;structured_rf:blog:0.9699;structured_svm:blog:1.0000;tfidf:blog:1.0000;tfidf_nb:blog:0.9972;tfidf_svm:blog:1.0000
https://blog.peter267.me/,https://blog.peter267.me,Peter267 - 无限进步,blog,blog,6,0,structured:blog:0.9635;structured_rf:blog:0.7749;structured_svm:blog:0.9409;tfidf:blog:0.9999;tfidf_nb:blog:0.9711;tfidf_svm:blog:1.0000
https://blog.schwarzeni.com/,https://blog.schwarzeni.com/,Schwarzeni's blog,blog,blog,6,0,structured:blog:0.9994;structured_rf:blog:0.9899;structured_svm:blog:1.0000;tfidf:blog:1.0000;tfidf_nb:blog:0.9939;tfidf_svm:blog:1.0000
https://blog.tangbao.ltd/,https://blog.tangbao.ltd/,糖宝小窝 – TangBao(*/ω＼*),blog,blog,6,0,structured:blog:0.9638;structured_rf:blog:0.7427;structured_svm:blog:0.9472;tfidf:blog:1.0000;tfidf_nb:blog:0.9793;tfidf_svm:blog:1.0000
https://blog.wz52.cn/,https://blog.wz52.cn/,抱歉，站点已暂停,non_blog,blog,6,0,structured:blog:0.9834;structured_rf:blog:0.8749;structured_svm:blog:0.9743;tfidf:blog:1.0000;tfidf_nb:blog:0.9925;tfidf_svm:blog:1.0000
https://blog.ykxkykx.cn/,https://blog.ykxkykx.cn,NotionNext BLOG | 这是一个由NotionNext生成的站点,blog,blog,6,0,structured:blog:0.9976;structured_rf:blog:0.7749;structured_svm:blog:1.0000;tfidf:blog:1.0000;tfidf_nb:blog:0.9991;tfidf_svm:blog:1.0000
https://blog.zuig.net/,https://blog.zuig.net,Zuig Blog | 游戏即艺术 | 即生活 | 即工作,blog,blog,6,0,structured:blog:0.9991;structured_rf:blog:0.8749;structured_svm:blog:1.0000;tfidf:blog:1.0000;tfidf_nb:blog:0.9832;tfidf_svm:blog:1.0000
https://blr-in-ping.vultr.com/,https://blr-in-ping.vultr.com/,Looking Glass - Vultr.com,non_blog,non_blog,0,6,structured:non_blog:0.2284;structured_rf:non_blog:0.0150;structured_svm:non_blog:0.1751;tfidf:non_blog:0.0018;tfidf_nb:non_blog:0.0185;tfidf_svm:non_blog:0.0278
https://business.swoole.com/,https://business.swoole.com/,,non_blog,non_blog,0,6,structured:non_blog:0.1304;structured_rf:non_blog:0.0050;structured_svm:non_blog:0.1202;tfidf:non_blog:0.0182;tfidf_nb:non_blog:0.1335;tfidf_svm:non_blog:0.1258
https://careers.aliyun.com/,https://careers.aliyun.com/,阿里云招聘官网,non_blog,blog,1,5,structured:blog:0.5305;structured_rf:non_blog:0.2124;structured_svm:non_blog:0.3088;tfidf:non_blog:0.0000;tfidf_nb:non_blog:0.0032;tfidf_svm:non_blog:0.0025
https://cdn.bili33.top/,https://cdn.bili33.top/,哔哩CDN | GamerNoTitle,non_blog,blog,2,4,structured:non_blog:0.3025;structured_rf:non_blog:0.0074;structured_svm:non_blog:0.1294;tfidf:blog:0.9777;tfidf_nb:non_blog:0.4903;tfidf_svm:blog:0.9599
https://chat-sdk.dev/,https://chat-sdk.dev,Chat SDK,non_blog,blog,2,4,structured:blog:0.8326;structured_rf:non_blog:0.3748;structured_svm:blog:0.6902;tfidf:non_blog:0.0070;tfidf_nb:non_blog:0.0425;tfidf_svm:non_blog:0.0741
https://cheatsheet.xiaojingge.com/,https://cheatsheet.xiaojingge.com,# 开发运维手册 为开发人员分享快速参考备忘清单【速查表】，目的是为了方便自己的技术栈查阅。 ## 正在建设中... 坑已挖，需要您的参与完善和[贡献](./docs/quickreference.md)！🙏 <!--rehype:style & 开发运维手册,non_blog,blog,1,5,structured:non_blog:0.0003;structured_rf:non_blog:0.0250;structured_svm:non_blog:0.0001;tfidf:non_blog:0.4610;tfidf_nb:non_blog:0.1071;tfidf_svm:blog:0.7322
https://chiyu.it/,https://chiyu.it/,池鱼小栈,blog,blog,3,3,structured:blog:0.8901;structured_rf:blog:0.9815;structured_svm:blog:0.7260;tfidf:non_blog:0.1217;tfidf_nb:non_blog:0.2616;tfidf_svm:non_blog:0.3605
https://cleanup.pictures/,https://cleanup.pictures/,"Cleanup.pictures - Remove objects, people, text and defects from any picture for free",non_blog,non_blog,0,6,structured:non_blog:0.0382;structured_rf:non_blog:0.0100;structured_svm:non_blog:0.0067;tfidf:non_blog:0.0037;tfidf_nb:non_blog:0.0236;tfidf_svm:non_blog:0.0434
https://co.th/,https://co.th/,SYSNECT INFORMATION ผู้ให้บริการโซลูชันเทคโนโลยีสารสนเทศสำหรับองค์กร,non_blog,non_blog,0,6,structured:non_blog:0.0930;structured_rf:non_blog:0.1550;structured_svm:non_blog:0.0293;tfidf:non_blog:0.0028;tfidf_nb:non_blog:0.0229;tfidf_svm:non_blog:0.0309
https://colourlab.ai/,https://colourlab.ai/,Colourlab AI now 22x faster - Colourlab.ai,non_blog,non_blog,0,6,structured:non_blog:0.4026;structured_rf:non_blog:0.3900;structured_svm:non_blog:0.1368;tfidf:non_blog:0.0001;tfidf_nb:non_blog:0.0045;tfidf_svm:non_blog:0.0045
https://connect.aliyun.com/,https://connect.aliyun.com/,阿里云登录 - 欢迎登录阿里云，安全稳定的云计算服务平台,non_blog,non_blog,0,6,structured:non_blog:0.2267;structured_rf:non_blog:0.0000;structured_svm:non_blog:0.0934;tfidf:non_blog:0.0000;tfidf_nb:non_blog:0.0005;tfidf_svm:non_blog:0.0022
https://copixel.bytedance.com/,https://copixel.bytedance.com/,copixel,non_blog,non_blog,0,6,structured:non_blog:0.4918;structured_rf:non_blog:0.0674;structured_svm:non_blog:0.2754;tfidf:non_blog:0.0038;tfidf_nb:non_blog:0.0672;tfidf_svm:non_blog:0.0465
https://cp.baidu.com/,https://cp.baidu.com/,橙篇AI - 用橙篇，就成了,non_blog,blog,1,5,structured:blog:0.5279;structured_rf:non_blog:0.2050;structured_svm:non_blog:0.2959;tfidf:non_blog:0.0000;tfidf_nb:non_blog:0.0003;tfidf_svm:non_blog:0.0001
https://crontab.guru/,https://crontab.guru/,Crontab.guru - The cron schedule expression generator,non_blog,non_blog,0,6,structured:non_blog:0.2352;structured_rf:non_blog:0.1300;structured_svm:non_blog:0.0661;tfidf:non_blog:0.0007;tfidf_nb:non_blog:0.0178;tfidf_svm:non_blog:0.0131
https://cworld0.com/,https://cworld0.com/,Home • CWorld Site,non_blog,blog,2,4,structured:blog:0.7120;structured_rf:blog:0.8568;structured_svm:non_blog:0.4071;tfidf:non_blog:0.0003;tfidf_nb:non_blog:0.0151;tfidf_svm:non_blog:0.0086
https://dahi.icu/,https://dahi.icu/,Dahi Open Tech,blog,blog,4,2,structured:blog:0.8206;structured_rf:blog:0.6753;structured_svm:blog:0.5750;tfidf:non_blog:0.3596;tfidf_nb:non_blog:0.1256;tfidf_svm:blog:0.6223
https://dinggc.cbi360.net/,https://dinggc.cbi360.net/,建筑行业商机服务平台 - 盯工程,non_blog,non_blog,0,6,structured:non_blog:0.3128;structured_rf:non_blog:0.2574;structured_svm:non_blog:0.1335;tfidf:non_blog:0.0007;tfidf_nb:non_blog:0.0143;tfidf_svm:non_blog:0.0214
https://doc.montrov.com/,https://doc.montrov.com/,ShowDoc,non_blog,blog,1,5,structured:blog:0.5687;structured_rf:non_blog:0.1631;structured_svm:non_blog:0.3470;tfidf:non_blog:0.0010;tfidf_nb:non_blog:0.0754;tfidf_svm:non_blog:0.0143
https://domain.huzhan.com/,https://domain.huzhan.com/,域名信息、域名交流、域名经纪 - 互站网,non_blog,non_blog,0,6,structured:non_blog:0.3761;structured_rf:non_blog:0.1350;structured_svm:non_blog:0.1748;tfidf:non_blog:0.0021;tfidf_nb:non_blog:0.0151;tfidf_svm:non_blog:0.0430
https://dpkg123.top/,https://dpkg123.top/,dpkg123的博客,blog,blog,5,1,structured:blog:0.7164;structured_rf:blog:0.5206;structured_svm:non_blog:0.4017;tfidf:blog:0.9999;tfidf_nb:blog:0.6759;tfidf_svm:blog:1.0000
https://dwz.cn/,https://dwz.cn/,百度短网址,non_blog,blog,5,1,structured:blog:0.8922;structured_rf:blog:0.7650;structured_svm:blog:0.7292;tfidf:blog:0.7247;tfidf_nb:non_blog:0.0862;tfidf_svm:blog:0.8677
https://edu.52byte.com/,https://edu.52byte.com/,K12知识星球 | 探索科学奇迹：为K12学生提供相关STEM和英语学习资源的知识库,non_blog,non_blog,0,6,structured:non_blog:0.0868;structured_rf:non_blog:0.0650;structured_svm:non_blog:0.0293;tfidf:non_blog:0.0028;tfidf_nb:non_blog:0.0534;tfidf_svm:non_blog:0.0418
https://en.moejue.cn/,https://en.moejue.cn/,MoeJue's Blog,blog,blog,6,0,structured:blog:0.9830;structured_rf:blog:0.9600;structured_svm:blog:0.9795;tfidf:blog:1.0000;tfidf_nb:blog:0.9706;tfidf_svm:blog:1.0000
https://et.aliyun.com/,https://et.aliyun.com/,Alibaba Cloud: AI and Cloud Computing Services,non_blog,non_blog,0,6,structured:non_blog:0.1252;structured_rf:non_blog:0.0050;structured_svm:non_blog:0.0421;tfidf:non_blog:0.0001;tfidf_nb:non_blog:0.0003;tfidf_svm:non_blog:0.0067
https://fb.zhaobiao.cn/,https://fb.zhaobiao.cn,发布信息_免费发布信息_发布招标采购_招标网,non_blog,non_blog,0,6,structured:non_blog:0.3770;structured_rf:non_blog:0.3600;structured_svm:non_blog:0.1748;tfidf:non_blog:0.0005;tfidf_nb:non_blog:0.0086;tfidf_svm:non_blog:0.0106
https://fontawesome.com/,https://fontawesome.com/,Font Awesome,non_blog,blog,3,3,structured:blog:0.7719;structured_rf:blog:0.8666;structured_svm:blog:0.5000;tfidf:non_blog:0.0616;tfidf_nb:non_blog:0.0468;tfidf_svm:non_blog:0.2737
https://furion.net/,https://furion.net/,让 .NET 开发更简单，更通用，更流行。 Furion | Furion,non_blog,blog,1,5,structured:blog:0.5171;structured_rf:non_blog:0.1900;structured_svm:non_blog:0.2040;tfidf:non_blog:0.0009;tfidf_nb:non_blog:0.0160;tfidf_svm:non_blog:0.0171
https://getui.com/,https://getui.com/,个推，专业的数据智能服务商-为垂直领域提供数据智能解决方案,non_blog,blog,1,5,structured:blog:0.5906;structured_rf:non_blog:0.2150;structured_svm:non_blog:0.2863;tfidf:non_blog:0.0334;tfidf_nb:non_blog:0.0712;tfidf_svm:non_blog:0.2249
https://gitwork.cn/,https://gitwork.cn,GitWork-远程工作平台-软件众包开发-互联网人才招聘外包找工作,non_blog,blog,1,5,structured:blog:0.5109;structured_rf:non_blog:0.0700;structured_svm:non_blog:0.2180;tfidf:non_blog:0.0189;tfidf_nb:non_blog:0.0838;tfidf_svm:non_blog:0.0963
https://gps.co188.com/,https://gps.co188.com/,给排水工程师网 - 帮助给水排水给排水工程师专业成长 - 土木在线,non_blog,non_blog,0,6,structured:non_blog:0.1413;structured_rf:non_blog:0.0250;structured_svm:non_blog:0.0502;tfidf:non_blog:0.0009;tfidf_nb:non_blog:0.0160;tfidf_svm:non_blog:0.0229
https://gz.eduease.com/,https://gz.eduease.com/,���ݼҽ���_���ݼҽ�һ��һ����-���׽�����15��ҽ�Ʒ��,non_blog,non_blog,0,6,structured:non_blog:0.1138;structured_rf:non_blog:0.0000;structured_svm:non_blog:0.0519;tfidf:non_blog:0.0000;tfidf_nb:non_blog:0.0001;tfidf_svm:non_blog:0.0061
https://han96.com/,https://han96.com,花贝の博客｜一位社恐的技术生活记录,blog,blog,4,2,structured:blog:0.7029;structured_rf:blog:0.8324;structured_svm:non_blog:0.3839;tfidf:blog:0.9851;tfidf_nb:non_blog:0.3291;tfidf_svm:blog:0.9800
https://heb.eduease.com/,https://heb.eduease.com/,�������ҽ���_�������ҽ�һ��һ����-���׽�����15��ҽ�Ʒ��,non_blog,non_blog,0,6,structured:non_blog:0.0743;structured_rf:non_blog:0.0100;structured_svm:non_blog:0.0325;tfidf:non_blog:0.0003;tfidf_nb:non_blog:0.0005;tfidf_svm:non_blog:0.0215
https://hf.eduease.com/,https://hf.eduease.com/,�Ϸʼҽ���_�Ϸʼҽ�һ��һ����-���׽�����15��ҽ�Ʒ��,non_blog,non_blog,0,6,structured:non_blog:0.1286;structured_rf:non_blog:0.0000;structured_svm:non_blog:0.0596;tfidf:non_blog:0.0001;tfidf_nb:non_blog:0.0003;tfidf_svm:non_blog:0.0108
https://hisheai.com/,https://hisheai.com/,千图设计室|全能AI设计助手|在线AI抠图_AI绘画_AI聊天_免费证件照,non_blog,non_blog,0,6,structured:non_blog:0.4842;structured_rf:non_blog:0.0600;structured_svm:non_blog:0.1883;tfidf:non_blog:0.0090;tfidf_nb:non_blog:0.0483;tfidf_svm:non_blog:0.0758
https://hot.randench.cn/,https://hot.randench.cn/,今日热榜 - 汇聚全网热点，热门尽览无余,non_blog,blog,2,4,structured:non_blog:0.3813;structured_rf:non_blog:0.1424;structured_svm:non_blog:0.1835;tfidf:blog:0.5903;tfidf_nb:non_blog:0.3086;tfidf_svm:blog:0.7017
https://huanxx.com/,https://huanxx.com/,唤醒,blog,blog,3,3,structured:blog:0.8958;structured_rf:blog:0.8219;structured_svm:blog:0.7406;tfidf:non_blog:0.0268;tfidf_nb:non_blog:0.1249;tfidf_svm:non_blog:0.1553
https://hunyuan.tencent.com/,https://hunyuan.tencent.com/,腾讯混元,non_blog,blog,1,5,structured:blog:0.5779;structured_rf:non_blog:0.1850;structured_svm:non_blog:0.3597;tfidf:non_blog:0.0180;tfidf_nb:non_blog:0.1573;tfidf_svm:non_blog:0.1127
https://ichika.cc/,https://ichika.cc,ichikaの小窝 - 被发现了嗼,blog,blog,6,0,structured:blog:0.7784;structured_rf:blog:0.7300;structured_svm:blog:0.5073;tfidf:blog:0.9975;tfidf_nb:blog:0.7859;tfidf_svm:blog:0.9912
https://image.kong.college/,https://image.kong.college,28.7的图床，28.7image,non_blog,non_blog,0,6,structured:non_blog:0.4144;structured_rf:non_blog:0.2600;structured_svm:non_blog:0.1994;tfidf:non_blog:0.0532;tfidf_nb:non_blog:0.2320;tfidf_svm:non_blog:0.1714
https://infinigate.de/,https://infinigate.de,Infinigate | IT-Distributor für Cybersecurity & Cloud,non_blog,non_blog,0,6,structured:non_blog:0.2266;structured_rf:non_blog:0.0350;structured_svm:non_blog:0.0632;tfidf:non_blog:0.0589;tfidf_nb:non_blog:0.1033;tfidf_svm:non_blog:0.2356
https://itreshub.com/,https://itreshub.com,ITResHub - IT 资源分享与技术文档社区 | 云服务器 | AI API | 开发工具,non_blog,non_blog,0,6,structured:non_blog:0.3073;structured_rf:non_blog:0.3750;structured_svm:non_blog:0.0942;tfidf:non_blog:0.0100;tfidf_nb:non_blog:0.0267;tfidf_svm:non_blog:0.1085
https://ja.moejue.cn/,https://ja.moejue.cn/,MoeJueのブログ,blog,blog,5,1,structured:blog:0.5582;structured_rf:blog:0.6054;structured_svm:non_blog:0.3410;tfidf:blog:0.9750;tfidf_nb:blog:0.7301;tfidf_svm:blog:0.9589
https://jianguoyun.com/,https://jianguoyun.com/,坚果云官网|网盘|云盘|云服务|团队协作软件|同步盘,non_blog,blog,1,5,structured:blog:0.6387;structured_rf:non_blog:0.2900;structured_svm:non_blog:0.3077;tfidf:non_blog:0.0016;tfidf_nb:non_blog:0.0239;tfidf_svm:non_blog:0.0236
https://jiminate.cn/,https://jiminate.cn/,Jiminate物联官网_人脸识别门禁考勤系统_校园无感考勤管理系统_人证核验终端_访客机_小区人脸识别门禁一体机,non_blog,blog,2,4,structured:non_blog:0.1831;structured_rf:non_blog:0.0800;structured_svm:non_blog:0.0523;tfidf:blog:0.5294;tfidf_nb:non_blog:0.1472;tfidf_svm:blog:0.7172
https://jp.alibabacloud.com/,https://jp.alibabacloud.com,,non_blog,non_blog,0,6,structured:non_blog:0.1304;structured_rf:non_blog:0.0050;structured_svm:non_blog:0.1202;tfidf:non_blog:0.0008;tfidf_nb:non_blog:0.0084;tfidf_svm:non_blog:0.0141
https://jvs.wuying.aliyun.com/,https://jvs.wuying.aliyun.com/,无影云电脑控制台,non_blog,non_blog,0,6,structured:non_blog:0.2101;structured_rf:non_blog:0.0724;structured_svm:non_blog:0.1166;tfidf:non_blog:0.0002;tfidf_nb:non_blog:0.0115;tfidf_svm:non_blog:0.0045
https://kanzaki.cn/,https://kanzaki.cn/,神崎's Menu,blog,blog,6,0,structured:blog:0.8563;structured_rf:blog:0.7442;structured_svm:blog:0.6445;tfidf:blog:0.9899;tfidf_nb:blog:0.5185;tfidf_svm:blog:0.9801
https://kejilion.blogspot.com/,https://kejilion.blogspot.com/,科技lion 官方博客,blog,blog,3,3,structured:blog:0.9765;structured_rf:blog:0.9399;structured_svm:blog:0.9655;tfidf:non_blog:0.1125;tfidf_nb:non_blog:0.1175;tfidf_svm:non_blog:0.2547
https://kirimasharo.com/,https://kirimasharo.com/,KirimaSharo's Blog | Syaro最可爱了,blog,blog,5,1,structured:blog:0.9813;structured_rf:blog:0.7350;structured_svm:blog:0.9688;tfidf:blog:0.9726;tfidf_nb:non_blog:0.2524;tfidf_svm:blog:0.9686
https://koutu.58pic.com/,https://koutu.58pic.com,在线抠图-一键自动抠图-PS抠图软件-千图网,non_blog,non_blog,0,6,structured:non_blog:0.3006;structured_rf:non_blog:0.1700;structured_svm:non_blog:0.1218;tfidf:non_blog:0.0001;tfidf_nb:non_blog:0.0351;tfidf_svm:non_blog:0.0030
https://launchpadx.top/,https://launchpadx.top/,启动台の小窝 - 用代码改变世界,blog,blog,5,1,structured:blog:0.7450;structured_rf:blog:0.6800;structured_svm:non_blog:0.4593;tfidf:blog:0.9997;tfidf_nb:blog:0.8797;tfidf_svm:blog:1.0000
https://lengmo714.top/,https://lengmo714.top,南锋 - 南奔万里空，脱死锋镝余,blog,blog,5,1,structured:blog:0.6566;structured_rf:blog:0.7592;structured_svm:non_blog:0.3322;tfidf:blog:0.9871;tfidf_nb:blog:0.7943;tfidf_svm:blog:0.9603
https://lihaha.me/,https://lihaha.me,极致源于梦想,blog,blog,6,0,structured:blog:0.8673;structured_rf:blog:0.8431;structured_svm:blog:0.6764;tfidf:blog:0.9421;tfidf_nb:blog:0.6890;tfidf_svm:blog:0.9183
https://linghui.top/,https://linghui.top,CMMI-ITSS-高企-ISO体系等-专业认证机构-海南领汇国际_海南领汇国际技术有限公司,non_blog,non_blog,0,6,structured:non_blog:0.3471;structured_rf:non_blog:0.0150;structured_svm:non_blog:0.1103;tfidf:non_blog:0.3118;tfidf_nb:non_blog:0.3528;tfidf_svm:non_blog:0.4085
https://liuyude.com/,https://liuyude.com,"慧行说-在知识的尽头,慢慢变老",blog,blog,3,3,structured:blog:0.7846;structured_rf:blog:0.7950;structured_svm:blog:0.5155;tfidf:non_blog:0.0038;tfidf_nb:non_blog:0.1126;tfidf_svm:non_blog:0.0370
https://login.64365.com/,https://login.64365.com/,用户登录-律图,non_blog,non_blog,0,6,structured:non_blog:0.4156;structured_rf:non_blog:0.2650;structured_svm:non_blog:0.1873;tfidf:non_blog:0.0036;tfidf_nb:non_blog:0.0742;tfidf_svm:non_blog:0.0336
https://loomob.com/,https://loomob.com,loomob | Be the best of whatever I am; Be the best of whatever you are.,non_blog,non_blog,0,6,structured:non_blog:0.1426;structured_rf:non_blog:0.0600;structured_svm:non_blog:0.0265;tfidf:non_blog:0.0078;tfidf_nb:non_blog:0.0157;tfidf_svm:non_blog:0.0995
https://lsy22.com/,https://lsy22.com,文章列表,blog,blog,4,2,structured:blog:0.8393;structured_rf:blog:0.6609;structured_svm:blog:0.6065;tfidf:non_blog:0.3920;tfidf_nb:non_blog:0.3867;tfidf_svm:blog:0.6547
https://lvyex.com/,https://lvyex.com,率叶插件 – 让您的花瓣网更好用,non_blog,blog,3,3,structured:blog:0.7752;structured_rf:blog:0.9186;structured_svm:blog:0.5097;tfidf:non_blog:0.0112;tfidf_nb:non_blog:0.0652;tfidf_svm:non_blog:0.1037
https://m.all91.com/,https://m.all91.com/,菁鼎多商家社交电商管理系统,non_blog,non_blog,0,6,structured:non_blog:0.4126;structured_rf:non_blog:0.1050;structured_svm:non_blog:0.1947;tfidf:non_blog:0.0045;tfidf_nb:non_blog:0.1196;tfidf_svm:non_blog:0.0437
https://magician.design/,https://magician.design/,BETWIN188 - Platform Game Online Modern dengan Fitur Inovatif & Akses Cepat,non_blog,non_blog,0,6,structured:non_blog:0.0644;structured_rf:non_blog:0.0050;structured_svm:non_blog:0.0135;tfidf:non_blog:0.0015;tfidf_nb:non_blog:0.0084;tfidf_svm:non_blog:0.0291
https://marketnext.console.aliyun.com/,https://marketnext.console.aliyun.com/,阿里云登录 - 欢迎登录阿里云，安全稳定的云计算服务平台,non_blog,non_blog,0,6,structured:non_blog:0.0472;structured_rf:non_blog:0.0000;structured_svm:non_blog:0.0216;tfidf:non_blog:0.0002;tfidf_nb:non_blog:0.0009;tfidf_svm:non_blog:0.0112
https://mei.lv/,https://mei.lv/,mei的网络日志,blog,blog,5,1,structured:blog:0.8664;structured_rf:blog:0.8200;structured_svm:blog:0.6718;tfidf:blog:0.9201;tfidf_nb:non_blog:0.4745;tfidf_svm:blog:0.9166
https://mi.gs/,https://mi.gs,Mi.GS,blog,blog,4,2,structured:blog:0.9057;structured_rf:non_blog:0.4800;structured_svm:blog:0.7545;tfidf:blog:0.7644;tfidf_nb:non_blog:0.2862;tfidf_svm:blog:0.8127
https://mioz.life/,https://mioz.life,Mioz.Life | 猫酣 zzZ,blog,blog,6,0,structured:blog:0.7794;structured_rf:blog:0.5852;structured_svm:blog:0.5000;tfidf:blog:0.9981;tfidf_nb:blog:0.8206;tfidf_svm:blog:0.9951
https://modao.site/,https://modao.site,modao's blog,blog,blog,6,0,structured:blog:0.9957;structured_rf:blog:0.9800;structured_svm:blog:0.9934;tfidf:blog:1.0000;tfidf_nb:blog:0.8937;tfidf_svm:blog:1.0000
https://moment.bili33.top/,https://moment.bili33.top/,GNT.Channel.name = 开源摸鱼社💤 - 来自 @GamerNoTitle 的各种动态的发布频道（各种发癫日常），群聊在 @DohnaNyan，私聊请发送至 @PaffCreamPMBot内群 https://t.me/+qYXa7ES7GPc0ZD嫌频道太吵可以开免打扰，本频道会不定时发一些日常也好新闻也好，反正就是很杂（指日常发电）Github: @GamerNoTitleTwitter: @GamerNoTitleWebsite: https://bili33.top,blog,blog,2,4,structured:non_blog:0.0000;structured_rf:non_blog:0.0850;structured_svm:non_blog:0.0000;tfidf:blog:0.6971;tfidf_nb:non_blog:0.2604;tfidf_svm:blog:0.7245
https://my.alibabacloud.com/,https://my.alibabacloud.com,Empower Your Business in Malaysia with Alibaba Cloud's Support in Digital Transformation,non_blog,non_blog,0,6,structured:non_blog:0.0081;structured_rf:non_blog:0.0000;structured_svm:non_blog:0.0017;tfidf:non_blog:0.0000;tfidf_nb:non_blog:0.0004;tfidf_svm:non_blog:0.0009
https://mystock.themeisle.com/,https://mystock.themeisle.com/,"1000+ Stock Photos | Royalty Free, GPL Images for Commercial Use",non_blog,non_blog,0,6,structured:non_blog:0.0318;structured_rf:non_blog:0.0150;structured_svm:non_blog:0.0082;tfidf:non_blog:0.0001;tfidf_nb:non_blog:0.0075;tfidf_svm:non_blog:0.0047
https://nc.eduease.com/,https://nc.eduease.com/,�ϲ��ҽ���_�ϲ��ҽ�һ��һ����-���׽�����15��ҽ�Ʒ��,non_blog,non_blog,0,6,structured:non_blog:0.1138;structured_rf:non_blog:0.0000;structured_svm:non_blog:0.0519;tfidf:non_blog:0.0000;tfidf_nb:non_blog:0.0002;tfidf_svm:non_blog:0.0050
https://nezha.lifebus.top/,https://nezha.lifebus.top/,哪吒监控,non_blog,blog,4,2,structured:blog:0.6028;structured_rf:non_blog:0.4243;structured_svm:non_blog:0.3839;tfidf:blog:0.9921;tfidf_nb:blog:0.6776;tfidf_svm:blog:0.9761
https://notion.siuze.top/,https://notion.siuze.top,少年游｜SIU NIENG IU | 画君年少时，而今君已老,blog,blog,3,3,structured:non_blog:0.2638;structured_rf:non_blog:0.0550;structured_svm:non_blog:0.1022;tfidf:blog:0.9942;tfidf_nb:blog:0.9500;tfidf_svm:blog:0.9848
https://nuxters.nuxt.com/,https://nuxters.nuxt.com,Are you a Nuxter?,non_blog,non_blog,0,6,structured:non_blog:0.4404;structured_rf:non_blog:0.1800;structured_svm:non_blog:0.2181;tfidf:non_blog:0.0023;tfidf_nb:non_blog:0.0431;tfidf_svm:non_blog:0.0395
https://onojyun.com/,https://onojyun.com,莫比乌斯 | 写作，一场自我悖驳的旅程,blog,blog,2,4,structured:blog:0.7323;structured_rf:blog:0.8250;structured_svm:non_blog:0.4420;tfidf:non_blog:0.0084;tfidf_nb:non_blog:0.0714;tfidf_svm:non_blog:0.0905
https://os.vrast.cn/,https://os.vrast.cn,Memos,blog,blog,3,3,structured:blog:0.6559;structured_rf:non_blog:0.4250;structured_svm:non_blog:0.4391;tfidf:blog:0.5648;tfidf_nb:non_blog:0.1743;tfidf_svm:blog:0.7383
https://paul.ren/,https://paul.ren/,保罗的小窝,blog,blog,6,0,structured:blog:0.8819;structured_rf:blog:0.9279;structured_svm:blog:0.7074;tfidf:blog:0.9999;tfidf_nb:blog:0.9007;tfidf_svm:blog:1.0000
https://phosphoricons.com/,https://phosphoricons.com/,Phosphor Icons,non_blog,blog,1,5,structured:blog:0.7241;structured_rf:non_blog:0.2824;structured_svm:non_blog:0.4374;tfidf:non_blog:0.0007;tfidf_nb:non_blog:0.0245;tfidf_svm:non_blog:0.0168
https://pictogram2.com/,https://pictogram2.com/,human pictogram 2.0 (無料人物 ピクトグラム素材 2.0),non_blog,non_blog,0,6,structured:non_blog:0.4119;structured_rf:non_blog:0.2850;structured_svm:non_blog:0.1327;tfidf:non_blog:0.0023;tfidf_nb:non_blog:0.0357;tfidf_svm:non_blog:0.0340
https://pixelhunter.io/,https://pixelhunter.io,Pixelhunter — 🧠 AI-powered image resizer for social media,non_blog,non_blog,0,6,structured:non_blog:0.1839;structured_rf:non_blog:0.0250;structured_svm:non_blog:0.0488;tfidf:non_blog:0.0475;tfidf_nb:non_blog:0.0461;tfidf_svm:non_blog:0.2615
https://pocket-se.info/,https://pocket-se.info/,ポケットサウンド - フリー効果音素材・BGMダウンロード,non_blog,blog,1,5,structured:blog:0.5081;structured_rf:non_blog:0.4950;structured_svm:non_blog:0.3113;tfidf:non_blog:0.0359;tfidf_nb:non_blog:0.2041;tfidf_svm:non_blog:0.1348
https://pptgo.cn/,https://pptgo.cn/,AI生成PPT | 博思AIPPT - PPTGO,non_blog,blog,1,5,structured:blog:0.6742;structured_rf:non_blog:0.2000;structured_svm:non_blog:0.3738;tfidf:non_blog:0.0038;tfidf_nb:non_blog:0.0181;tfidf_svm:non_blog:0.0377
https://programnotes.cn/,https://programnotes.cn,编程笔记,blog,blog,5,1,structured:blog:0.8495;structured_rf:blog:0.5861;structured_svm:blog:0.6449;tfidf:blog:0.8440;tfidf_nb:non_blog:0.3279;tfidf_svm:blog:0.8689
https://ps.gaoding.com/,https://ps.gaoding.com/,【在线PS】PS软件网页版，ps在线图片处理工具photopea-稿定设计PS,non_blog,non_blog,0,6,structured:non_blog:0.1502;structured_rf:non_blog:0.0000;structured_svm:non_blog:0.0580;tfidf:non_blog:0.0002;tfidf_nb:non_blog:0.0111;tfidf_svm:non_blog:0.0059
https://qqquq.com/,https://qqquq.com/,咸鱼小窝 - 只是一条没有梦想的咸鱼,blog,blog,3,3,structured:blog:0.7478;structured_rf:non_blog:0.1650;structured_svm:non_blog:0.4693;tfidf:blog:0.8829;tfidf_nb:non_blog:0.4059;tfidf_svm:blog:0.9263
https://r2wind.cn/,https://r2wind.cn,归去如风 - 一个自由自在的互联网民工,blog,blog,4,2,structured:blog:0.6938;structured_rf:blog:0.7240;structured_svm:non_blog:0.3902;tfidf:blog:0.9873;tfidf_nb:non_blog:0.4027;tfidf_svm:blog:0.9667
https://ref.prorise666.site/,https://ref.prorise666.site,# Prorise 的备忘清单 Prorise 的备忘清单 - 这是一份为开发者整理的技术栈速查清单，涵盖各种编程语言、工具和技术的快速参考。从本人博客的文章经验浓缩而来，旨在提升开发效率与学习体验 © 2025 Prorise666 | [返回博客](https://prorise666.site) <!--rehype:style & Quick Reference,blog,blog,3,3,structured:non_blog:0.0000;structured_rf:non_blog:0.0500;structured_svm:non_blog:0.0000;tfidf:blog:0.9959;tfidf_nb:blog:0.7146;tfidf_svm:blog:0.9935
https://resume.tukuppt.com/,https://resume.tukuppt.com/,简历模板免费在线制作,non_blog,non_blog,0,6,structured:non_blog:0.4696;structured_rf:non_blog:0.0124;structured_svm:non_blog:0.2535;tfidf:non_blog:0.0006;tfidf_nb:non_blog:0.0571;tfidf_svm:non_blog:0.0102
https://runwayml.com/,https://runwayml.com/,Runway | Building AI to Simulate the World,non_blog,non_blog,0,6,structured:non_blog:0.4026;structured_rf:non_blog:0.3900;structured_svm:non_blog:0.1368;tfidf:non_blog:0.0004;tfidf_nb:non_blog:0.0163;tfidf_svm:non_blog:0.0095
https://sathunt.com/,https://sathunt.com/,中国空间站实时位置 - 天文通,non_blog,blog,3,3,structured:blog:0.7704;structured_rf:blog:0.8500;structured_svm:blog:0.5000;tfidf:non_blog:0.0561;tfidf_nb:non_blog:0.1506;tfidf_svm:non_blog:0.2813
https://scyjzs.com/,https://scyjzs.com/,说球帝直播nba免费观看_说球帝直播官方_说球帝体育直播免费_说球帝体育直播,non_blog,non_blog,0,6,structured:non_blog:0.4387;structured_rf:non_blog:0.0250;structured_svm:non_blog:0.1708;tfidf:non_blog:0.0004;tfidf_nb:non_blog:0.0205;tfidf_svm:non_blog:0.0085
https://sfacg.com/,https://sfacg.com/,漫画_在线漫画_日漫_海贼王漫画_彩漫_条漫_妖神记漫画-SF漫画每日更新,non_blog,blog,1,5,structured:blog:0.5459;structured_rf:non_blog:0.2150;structured_svm:non_blog:0.2158;tfidf:non_blog:0.0053;tfidf_nb:non_blog:0.0722;tfidf_svm:non_blog:0.0615
https://shape.kloudy.cn/,https://shape.kloudy.cn/,Kloudy Shape,blog,blog,3,3,structured:blog:0.5021;structured_rf:non_blog:0.4394;structured_svm:non_blog:0.2791;tfidf:blog:0.7793;tfidf_nb:non_blog:0.1102;tfidf_svm:blog:0.8258
https://siitake.cn/,https://siitake.cn/,香菇备忘录 Plus,blog,blog,5,1,structured:blog:0.8358;structured_rf:blog:0.9000;structured_svm:blog:0.6117;tfidf:blog:0.6282;tfidf_nb:non_blog:0.2009;tfidf_svm:blog:0.7397
https://skk.moe/,https://skk.moe,Sukka (@sukkaw),blog,blog,5,1,structured:blog:0.8057;structured_rf:non_blog:0.2979;structured_svm:blog:0.5593;tfidf:blog:0.9913;tfidf_nb:blog:0.6746;tfidf_svm:blog:0.9808
https://soundraw.io/,https://soundraw.io/,SOUNDRAW | AI Music Generator – Royalty Free Beats,non_blog,non_blog,0,6,structured:non_blog:0.2869;structured_rf:non_blog:0.0600;structured_svm:non_blog:0.0856;tfidf:non_blog:0.0118;tfidf_nb:non_blog:0.0463;tfidf_svm:non_blog:0.1046
https://squoosh.app/,https://squoosh.app/,Squoosh,non_blog,blog,2,4,structured:blog:0.8447;structured_rf:non_blog:0.2554;structured_svm:blog:0.6341;tfidf:non_blog:0.0388;tfidf_nb:non_blog:0.0982;tfidf_svm:non_blog:0.1699
https://standardjs.com/,https://standardjs.com/,JavaScript Standard Style,non_blog,blog,1,5,structured:blog:0.5993;structured_rf:non_blog:0.4439;structured_svm:non_blog:0.2946;tfidf:non_blog:0.0028;tfidf_nb:non_blog:0.0178;tfidf_svm:non_blog:0.0451
https://status.luoaowoo.cn/,https://status.luoaowoo.cn/,Luoaowoo status,non_blog,non_blog,0,6,structured:non_blog:0.4079;structured_rf:non_blog:0.2075;structured_svm:non_blog:0.2054;tfidf:non_blog:0.0548;tfidf_nb:non_blog:0.0537;tfidf_svm:non_blog:0.2535
https://stjhub.com/,https://stjhub.com,时空跃动 | 无限可能，正在发生 | Unlimited possibilities are happening.,blog,non_blog,0,6,structured:non_blog:0.2048;structured_rf:non_blog:0.0100;structured_svm:non_blog:0.0584;tfidf:non_blog:0.0011;tfidf_nb:non_blog:0.0080;tfidf_svm:non_blog:0.0286
https://su.vv1234.cn/,https://su.vv1234.cn/,Login | Cloudflare CNAME/IP Advanced Setup – 零玖互联-Cloudflare管理平台,non_blog,non_blog,0,6,structured:non_blog:0.0228;structured_rf:non_blog:0.0050;structured_svm:non_blog:0.0054;tfidf:non_blog:0.0138;tfidf_nb:non_blog:0.0301;tfidf_svm:non_blog:0.0967
https://suolink.cn/,https://suolink.cn/,缩链短链接-短信社群营销-短网址SaaS-免费短链接生成工具-在线生成短链接,non_blog,non_blog,0,6,structured:non_blog:0.4598;structured_rf:non_blog:0.0150;structured_svm:non_blog:0.1789;tfidf:non_blog:0.0194;tfidf_nb:non_blog:0.0716;tfidf_svm:non_blog:0.1003
https://svelte.dev/,https://svelte.dev/,Svelte • Web development for the rest of us,non_blog,non_blog,0,6,structured:non_blog:0.4276;structured_rf:non_blog:0.0350;structured_svm:non_blog:0.1447;tfidf:non_blog:0.0247;tfidf_nb:non_blog:0.0305;tfidf_svm:non_blog:0.1598
https://tedding.dev/,https://tedding.dev/,tedding's blog,blog,blog,5,1,structured:blog:0.9948;structured_rf:blog:0.9750;structured_svm:blog:0.9919;tfidf:blog:0.9942;tfidf_nb:non_blog:0.3360;tfidf_svm:blog:0.9839
https://themetavoice.xyz/,https://themetavoice.xyz/,MetaVoice | Voice AI that feels like your best human agent,non_blog,non_blog,0,6,structured:non_blog:0.1787;structured_rf:non_blog:0.0600;structured_svm:non_blog:0.0432;tfidf:non_blog:0.0815;tfidf_nb:non_blog:0.1287;tfidf_svm:non_blog:0.3072
https://time.now/,https://time.now/,Current Time Now | Time.now,non_blog,blog,2,4,structured:blog:0.6766;structured_rf:blog:0.6733;structured_svm:non_blog:0.3592;tfidf:non_blog:0.0490;tfidf_nb:non_blog:0.1095;tfidf_svm:non_blog:0.1712
https://tm.aliyun.com/,https://tm.aliyun.com/,商标查询_商标注册_商标转让_知识产权_版权登记-阿里云,non_blog,non_blog,0,6,structured:non_blog:0.3246;structured_rf:non_blog:0.1550;structured_svm:non_blog:0.1334;tfidf:non_blog:0.0000;tfidf_nb:non_blog:0.0005;tfidf_svm:non_blog:0.0011
https://tools.mind-elixir.com/,https://tools.mind-elixir.com/,SS Toolbox,non_blog,non_blog,0,6,structured:non_blog:0.4450;structured_rf:non_blog:0.2300;structured_svm:non_blog:0.3074;tfidf:non_blog:0.0010;tfidf_nb:non_blog:0.0418;tfidf_svm:non_blog:0.0174
https://tower.im/,https://tower.im/,Tower - ONES 旗下团队协作工具,non_blog,blog,2,4,structured:blog:0.7337;structured_rf:blog:0.8092;structured_svm:non_blog:0.4437;tfidf:non_blog:0.0012;tfidf_nb:non_blog:0.0468;tfidf_svm:non_blog:0.0133
https://tsmblog.lilys.top/,https://tsmblog.lilys.top/,TangShiMei的小空间 - 这都被你发现了？！,blog,blog,6,0,structured:blog:0.9439;structured_rf:blog:0.7749;structured_svm:blog:0.9151;tfidf:blog:1.0000;tfidf_nb:blog:0.9917;tfidf_svm:blog:1.0000
https://u.diannaodian.com/,https://u.diannaodian.com/,"u盘启动盘,u盘启动盘制作工具,u盘装系统,pe工具_电脑店官网",non_blog,non_blog,0,6,structured:non_blog:0.2141;structured_rf:non_blog:0.0100;structured_svm:non_blog:0.0816;tfidf:non_blog:0.0020;tfidf_nb:non_blog:0.0466;tfidf_svm:non_blog:0.0284
https://umb.ink/,https://umb.ink/,伞菌の博客,blog,blog,6,0,structured:blog:0.8966;structured_rf:blog:0.8000;structured_svm:blog:0.7340;tfidf:blog:1.0000;tfidf_nb:blog:0.8853;tfidf_svm:blog:1.0000
https://upscalepics.com/,https://upscalepics.com,,non_blog,non_blog,0,6,structured:non_blog:0.3821;structured_rf:non_blog:0.0700;structured_svm:non_blog:0.3081;tfidf:non_blog:0.0052;tfidf_nb:non_blog:0.1105;tfidf_svm:non_blog:0.0475
https://uuanqin.top/,https://uuanqin.top/,半方池水半方田 - Qin's blog,blog,blog,6,0,structured:blog:0.9926;structured_rf:blog:0.8700;structured_svm:blog:0.9880;tfidf:blog:1.0000;tfidf_nb:blog:0.9932;tfidf_svm:blog:1.0000
https://v2money.net/,https://v2money.net/,恋金术师,blog,blog,3,3,structured:blog:0.8535;structured_rf:blog:0.9080;structured_svm:blog:0.6473;tfidf:non_blog:0.0064;tfidf_nb:non_blog:0.0888;tfidf_svm:non_blog:0.0578
https://vimin.cc/,https://vimin.cc,叶小明的博客 XIAOMING'S BLOG 记录生活每一天2021,blog,blog,5,1,structured:blog:0.9839;structured_rf:blog:0.5950;structured_svm:blog:0.9722;tfidf:blog:0.9998;tfidf_nb:non_blog:0.4542;tfidf_svm:blog:1.0000
https://vip1599811.cnhnb.com/,https://vip1599811.cnhnb.com/,果鑫冬枣树苗种植专业合作社 - 主营:枣树苗 - 惠农网,non_blog,non_blog,0,6,structured:non_blog:0.1113;structured_rf:non_blog:0.0000;structured_svm:non_blog:0.0339;tfidf:non_blog:0.0000;tfidf_nb:non_blog:0.0004;tfidf_svm:non_blog:0.0063
https://vip2093564.cnhnb.com/,https://vip2093564.cnhnb.com/,"成功特种鱼养殖场 - 主营:草鱼,鲫鱼,鲢鱼,鲳鱼 - 惠农网",non_blog,non_blog,0,6,structured:non_blog:0.1119;structured_rf:non_blog:0.0000;structured_svm:non_blog:0.0302;tfidf:non_blog:0.0000;tfidf_nb:non_blog:0.0000;tfidf_svm:non_blog:0.0015
https://vip2954210.cnhnb.com/,https://vip2954210.cnhnb.com/,"劲记渔业水产 - 主营:甲鱼苗,草鱼,黄鳝,鲫鱼,桂鱼,鳊鱼,鲳鱼,黄颡鱼,锦鲤 - 惠农网",non_blog,non_blog,0,6,structured:non_blog:0.0575;structured_rf:non_blog:0.0000;structured_svm:non_blog:0.0115;tfidf:non_blog:0.0000;tfidf_nb:non_blog:0.0001;tfidf_svm:non_blog:0.0028
https://vip333515188.cnhnb.com/,https://vip333515188.cnhnb.com/,"明燕野山珍 - 主营:鹿茸菇,红菇,羊肚菌,香菇 - 惠农网",non_blog,non_blog,0,6,structured:non_blog:0.0933;structured_rf:non_blog:0.0000;structured_svm:non_blog:0.0235;tfidf:non_blog:0.0000;tfidf_nb:non_blog:0.0003;tfidf_svm:non_blog:0.0037
https://vip399782.cnhnb.com/,https://vip399782.cnhnb.com/,"九龙山禽苗孵化 - 主营:鸡苗,鸭苗,鹅苗,鸵鸟苗,鹧鸪苗,鸡 - 惠农网",non_blog,non_blog,0,6,structured:non_blog:0.0984;structured_rf:non_blog:0.0050;structured_svm:non_blog:0.0244;tfidf:non_blog:0.0000;tfidf_nb:non_blog:0.0000;tfidf_svm:non_blog:0.0017
https://vip473021635.cnhnb.com/,https://vip473021635.cnhnb.com/,"雷林的农货店 - 主营:柑桔苗,柑桔,鲤鱼 - 惠农网",non_blog,non_blog,0,6,structured:non_blog:0.1063;structured_rf:non_blog:0.0000;structured_svm:non_blog:0.0285;tfidf:non_blog:0.0000;tfidf_nb:non_blog:0.0002;tfidf_svm:non_blog:0.0041
https://vip5386520.cnhnb.com/,https://vip5386520.cnhnb.com/,"宁夏顺义源枸杞加工厂 - 主营:枸杞,鲜枣 - 惠农网",non_blog,non_blog,0,6,structured:non_blog:0.1270;structured_rf:non_blog:0.0000;structured_svm:non_blog:0.0381;tfidf:non_blog:0.0000;tfidf_nb:non_blog:0.0001;tfidf_svm:non_blog:0.0028
https://vip6521912.cnhnb.com/,https://vip6521912.cnhnb.com/,"丰慧节水灌溉 - 主营:肥料机械,管材管件,滴灌喷灌,泵 - 惠农网",non_blog,non_blog,0,6,structured:non_blog:0.0923;structured_rf:non_blog:0.0000;structured_svm:non_blog:0.0243;tfidf:non_blog:0.0001;tfidf_nb:non_blog:0.0005;tfidf_svm:non_blog:0.0089
https://vip746828733.cnhnb.com/,https://vip746828733.cnhnb.com/,五常市福洲米业有限公司 - 主营:大米 - 惠农网,non_blog,non_blog,0,6,structured:non_blog:0.1059;structured_rf:non_blog:0.0050;structured_svm:non_blog:0.0308;tfidf:non_blog:0.0000;tfidf_nb:non_blog:0.0002;tfidf_svm:non_blog:0.0026
https://vip840807212.cnhnb.com/,https://vip840807212.cnhnb.com/,"山东绅洲大棚膜 - 主营:农技人员,大棚设备,塑料膜 - 惠农网",non_blog,non_blog,0,6,structured:non_blog:0.0767;structured_rf:non_blog:0.0000;structured_svm:non_blog:0.0197;tfidf:non_blog:0.0000;tfidf_nb:non_blog:0.0004;tfidf_svm:non_blog:0.0067
https://vip937788.cnhnb.com/,https://vip937788.cnhnb.com/,"青园散养土鸡 - 主营:鸡蛋,鸡,种蛋 - 惠农网",non_blog,non_blog,0,6,structured:non_blog:0.1727;structured_rf:non_blog:0.0100;structured_svm:non_blog:0.0538;tfidf:non_blog:0.0000;tfidf_nb:non_blog:0.0001;tfidf_svm:non_blog:0.0026
https://vjo.cc/,https://vjo.cc/,刘郎阁,blog,blog,4,2,structured:blog:0.9069;structured_rf:non_blog:0.4251;structured_svm:blog:0.7638;tfidf:blog:0.6149;tfidf_nb:non_blog:0.2671;tfidf_svm:blog:0.7150
https://wallhaven.cc/,https://wallhaven.cc/,Awesome Wallpapers - wallhaven.cc,non_blog,blog,3,3,structured:blog:0.5047;structured_rf:non_blog:0.1174;structured_svm:non_blog:0.2143;tfidf:blog:0.5506;tfidf_nb:non_blog:0.1297;tfidf_svm:blog:0.7268
https://wangyunzi.com/,https://wangyunzi.com,长街短梦,blog,blog,3,3,structured:blog:0.8622;structured_rf:blog:0.8416;structured_svm:blog:0.6692;tfidf:non_blog:0.1882;tfidf_nb:non_blog:0.2079;tfidf_svm:non_blog:0.4382
https://wd.yuzhua.com/,https://wd.yuzhua.com,网店转让_天猫转让_淘宝店铺转让丨买卖-鱼爪权易网店,non_blog,non_blog,0,6,structured:non_blog:0.3228;structured_rf:non_blog:0.1000;structured_svm:non_blog:0.1418;tfidf:non_blog:0.0024;tfidf_nb:non_blog:0.0517;tfidf_svm:non_blog:0.0342
https://weirain.com/,https://weirain.com/,风尘落微雨 - 分享技术|记录生活,blog,blog,2,4,structured:blog:0.7601;structured_rf:blog:0.8200;structured_svm:non_blog:0.4803;tfidf:non_blog:0.0678;tfidf_nb:non_blog:0.2018;tfidf_svm:non_blog:0.2629
https://windfonts.com/,https://windfonts.com/,Windfonts 文风字体 - 开源免费可商用中文在线字体 Web fonts 服务平台,non_blog,non_blog,0,6,structured:non_blog:0.3240;structured_rf:non_blog:0.0600;structured_svm:non_blog:0.1041;tfidf:non_blog:0.0000;tfidf_nb:non_blog:0.0050;tfidf_svm:non_blog:0.0010
https://writefor.fun/,https://writefor.fun,This Cute World,blog,blog,3,3,structured:blog:0.7757;structured_rf:blog:0.8700;structured_svm:blog:0.5000;tfidf:non_blog:0.0609;tfidf_nb:non_blog:0.1361;tfidf_svm:non_blog:0.2543
https://www.5u18.com/,https://www.5u18.com/,泰国签证_泰国签证问题解决专家 - 奋美签证,non_blog,non_blog,0,6,structured:non_blog:0.2739;structured_rf:non_blog:0.0924;structured_svm:non_blog:0.1073;tfidf:non_blog:0.0008;tfidf_nb:non_blog:0.0091;tfidf_svm:non_blog:0.0193
https://www.789dl.cn/,https://www.789dl.cn/,冷筱宇的小窝-生活中的点滴,blog,blog,2,4,structured:non_blog:0.3988;structured_rf:non_blog:0.1674;structured_svm:non_blog:0.1823;tfidf:blog:0.9995;tfidf_nb:non_blog:0.3625;tfidf_svm:blog:1.0000
https://www.941741.xyz/,https://www.941741.xyz/,雾非雾,blog,blog,2,4,structured:non_blog:0.4362;structured_rf:non_blog:0.1782;structured_svm:non_blog:0.2010;tfidf:blog:0.8394;tfidf_nb:non_blog:0.3940;tfidf_svm:blog:0.8536
https://www.aidaxue.com/,https://www.aidaxue.com/,AI大学堂,non_blog,blog,2,4,structured:blog:0.6080;structured_rf:blog:0.7827;structured_svm:non_blog:0.3877;tfidf:non_blog:0.0000;tfidf_nb:non_blog:0.0052;tfidf_svm:non_blog:0.0015
https://www.aiserver.cn/,https://www.aiserver.cn/,思腾合力｜云计算 AI服务器 AI工作站 系统集成 产品定制 软件开发 边缘计算,non_blog,non_blog,0,6,structured:non_blog:0.1752;structured_rf:non_blog:0.0150;structured_svm:non_blog:0.0599;tfidf:non_blog:0.0065;tfidf_nb:non_blog:0.0145;tfidf_svm:non_blog:0.0573
https://www.anquanke.com/,https://www.anquanke.com/,安全KER - 安全资讯平台,non_blog,non_blog,0,6,structured:non_blog:0.4545;structured_rf:non_blog:0.0710;structured_svm:non_blog:0.2417;tfidf:non_blog:0.0038;tfidf_nb:non_blog:0.0166;tfidf_svm:non_blog:0.0619
https://www.armani.com/,https://www.armani.com/,Armani.com - Official Website | Armani,non_blog,non_blog,0,6,structured:non_blog:0.0211;structured_rf:non_blog:0.0699;structured_svm:non_blog:0.0636;tfidf:non_blog:0.0067;tfidf_nb:non_blog:0.0059;tfidf_svm:non_blog:0.0935
https://www.astria.ai/,https://www.astria.ai,Astria - Dreambooth API,non_blog,non_blog,0,6,structured:non_blog:0.3540;structured_rf:non_blog:0.0424;structured_svm:non_blog:0.1656;tfidf:non_blog:0.0001;tfidf_nb:non_blog:0.0061;tfidf_svm:non_blog:0.0034
https://www.bearnotion.ru/,https://www.bearnotion.ru/,BearNotion,non_blog,blog,1,5,structured:non_blog:0.4825;structured_rf:non_blog:0.1230;structured_svm:non_blog:0.2639;tfidf:non_blog:0.2828;tfidf_nb:non_blog:0.1032;tfidf_svm:blog:0.5968
https://www.blacklionaudio.com/,https://www.blacklionaudio.com/,Black Lion Audio | Sound Better. Better Sound.,non_blog,non_blog,0,6,structured:non_blog:0.0830;structured_rf:non_blog:0.0350;structured_svm:non_blog:0.0263;tfidf:non_blog:0.0057;tfidf_nb:non_blog:0.0489;tfidf_svm:non_blog:0.0671
https://www.bunjs.cn/,https://www.bunjs.cn/,Bun 是什么？ | Bun中文文档 | Bun中文网,non_blog,non_blog,0,6,structured:non_blog:0.3213;structured_rf:non_blog:0.1100;structured_svm:non_blog:0.1423;tfidf:non_blog:0.1364;tfidf_nb:non_blog:0.0213;tfidf_svm:non_blog:0.4015
https://www.ccosc.cn/,https://www.ccosc.cn,正版免版权可商用图片素材 - cc0无版权免费可商用素材网,non_blog,non_blog,0,6,structured:non_blog:0.2482;structured_rf:non_blog:0.2600;structured_svm:non_blog:0.1052;tfidf:non_blog:0.0424;tfidf_nb:non_blog:0.0480;tfidf_svm:non_blog:0.1642
https://www.chaojituzi.net/,https://www.chaojituzi.net/,超级兔子数据恢复软件-超级兔子数据恢复官网,non_blog,non_blog,0,6,structured:non_blog:0.3047;structured_rf:non_blog:0.1924;structured_svm:non_blog:0.1373;tfidf:non_blog:0.0015;tfidf_nb:non_blog:0.0148;tfidf_svm:non_blog:0.0217
https://www.codezhou.top/,https://www.codezhou.top/,NotionNext BLOG | 这是一个由NotionNext生成的站点,blog,blog,6,0,structured:blog:0.8829;structured_rf:blog:0.7500;structured_svm:blog:0.8497;tfidf:blog:1.0000;tfidf_nb:blog:0.9256;tfidf_svm:blog:1.0000
https://www.dabaicai.com/,https://www.dabaicai.com/,【大白菜官网】一键u盘装系统_u盘启动盘装系统制作工具_u盘winpe装系统,non_blog,non_blog,0,6,structured:non_blog:0.1463;structured_rf:non_blog:0.0050;structured_svm:non_blog:0.0562;tfidf:non_blog:0.0029;tfidf_nb:non_blog:0.0071;tfidf_svm:non_blog:0.0604
https://www.darensoft.com/,https://www.darensoft.com,大任HR软件-领先的ehr人力资源管理软件，打造高效人事系统,non_blog,non_blog,0,6,structured:non_blog:0.2091;structured_rf:non_blog:0.0050;structured_svm:non_blog:0.0841;tfidf:non_blog:0.0005;tfidf_nb:non_blog:0.0111;tfidf_svm:non_blog:0.0136
https://www.deeplearning.ai/,https://www.deeplearning.ai/,DeepLearning.AI: Start or Advance Your Career in AI,non_blog,non_blog,0,6,structured:non_blog:0.0783;structured_rf:non_blog:0.0350;structured_svm:non_blog:0.0227;tfidf:non_blog:0.0006;tfidf_nb:non_blog:0.0082;tfidf_svm:non_blog:0.0175
https://www.diffshop.cn/,https://www.diffshop.cn/,Diffshop店湖: 跨境电商平台/独立站/广告一站式选品及数据监控,non_blog,non_blog,0,6,structured:non_blog:0.1833;structured_rf:non_blog:0.0000;structured_svm:non_blog:0.0702;tfidf:non_blog:0.0019;tfidf_nb:non_blog:0.0196;tfidf_svm:non_blog:0.0192
https://www.dwhy.net/,https://www.dwhy.net/,对外汉语网 - 对外汉语教师一站式服务平台,non_blog,non_blog,0,6,structured:non_blog:0.3765;structured_rf:non_blog:0.0074;structured_svm:non_blog:0.1834;tfidf:non_blog:0.0001;tfidf_nb:non_blog:0.0018;tfidf_svm:non_blog:0.0055
https://www.edisoncgh.com/,https://www.edisoncgh.com,我的博客 - 首页,blog,blog,2,4,structured:blog:0.5358;structured_rf:non_blog:0.2550;structured_svm:non_blog:0.3115;tfidf:non_blog:0.4127;tfidf_nb:non_blog:0.1087;tfidf_svm:blog:0.6029
https://www.elementsofai.com/,https://www.elementsofai.com/,A free online introduction to artificial intelligence for non-experts,non_blog,non_blog,0,6,structured:non_blog:0.0236;structured_rf:non_blog:0.0050;structured_svm:non_blog:0.0060;tfidf:non_blog:0.0001;tfidf_nb:non_blog:0.0023;tfidf_svm:non_blog:0.0049
https://www.fadetask.com/,https://www.fadetask.com/,轻松组织，完美执行 | FadeTask,non_blog,non_blog,0,6,structured:non_blog:0.3692;structured_rf:non_blog:0.1174;structured_svm:non_blog:0.1756;tfidf:non_blog:0.0007;tfidf_nb:non_blog:0.0099;tfidf_svm:non_blog:0.0178
https://www.fish9.cn/,https://www.fish9.cn,吃猫的鱼个人博客-个人编程技术,blog,blog,2,4,structured:non_blog:0.4429;structured_rf:non_blog:0.1810;structured_svm:non_blog:0.2243;tfidf:blog:1.0000;tfidf_nb:non_blog:0.3411;tfidf_svm:blog:1.0000
https://www.ftls.xyz/,https://www.ftls.xyz/,超光速,blog,blog,4,2,structured:blog:0.6805;structured_rf:blog:0.9555;structured_svm:non_blog:0.4709;tfidf:blog:0.9084;tfidf_nb:non_blog:0.2882;tfidf_svm:blog:0.8962
https://www.gaitubao.com/,https://www.gaitubao.com/,改图宝 - 在线修改照片大小尺寸工具,non_blog,non_blog,0,6,structured:non_blog:0.3812;structured_rf:non_blog:0.4024;structured_svm:non_blog:0.1874;tfidf:non_blog:0.0007;tfidf_nb:non_blog:0.0196;tfidf_svm:non_blog:0.0117
https://www.gxsnote.cn/,https://www.gxsnote.cn/,高先生笔记-满眼皆你.,blog,blog,3,3,structured:blog:0.5352;structured_rf:non_blog:0.3645;structured_svm:non_blog:0.3093;tfidf:blog:0.5742;tfidf_nb:non_blog:0.1577;tfidf_svm:blog:0.6794
https://www.haukcy.com/,https://www.haukcy.com/,网站建设公司_网站设计制作公司_小程序开发公司_华科诚远,non_blog,non_blog,0,6,structured:non_blog:0.2814;structured_rf:non_blog:0.0388;structured_svm:non_blog:0.1186;tfidf:non_blog:0.0001;tfidf_nb:non_blog:0.0018;tfidf_svm:non_blog:0.0065
https://www.huacangsc.com/,https://www.huacangsc.com/,���ֺ����|Ӣ�·�����-ŷ���д�������ɡ����ʡ�ά��,non_blog,non_blog,0,6,structured:non_blog:0.1083;structured_rf:non_blog:0.0050;structured_svm:non_blog:0.0522;tfidf:non_blog:0.0033;tfidf_nb:non_blog:0.0542;tfidf_svm:non_blog:0.0400
https://www.huobk.com/,https://www.huobk.com/,贱贱小窝（原刀贱贱博客） - 技术小站、追求源于热爱！,blog,blog,2,4,structured:non_blog:0.3096;structured_rf:non_blog:0.1250;structured_svm:non_blog:0.1353;tfidf:blog:0.9999;tfidf_nb:non_blog:0.3943;tfidf_svm:blog:1.0000
https://www.iconifyai.com/,https://www.iconifyai.com/,AI Icon Generator - Make unique app icons in seconds,non_blog,non_blog,0,6,structured:non_blog:0.0808;structured_rf:non_blog:0.0250;structured_svm:non_blog:0.0235;tfidf:non_blog:0.0000;tfidf_nb:non_blog:0.0026;tfidf_svm:non_blog:0.0024
https://www.imlete.cn/,https://www.imlete.cn/,Lete乐特的小窝,blog,blog,4,2,structured:blog:0.5541;structured_rf:non_blog:0.3790;structured_svm:non_blog:0.3311;tfidf:blog:0.9985;tfidf_nb:blog:0.6706;tfidf_svm:blog:0.9931
https://www.izywang.com/,https://www.izywang.com/,爱资源网 | 专注绿色软件分享 不求最全 只求最精,non_blog,non_blog,0,6,structured:non_blog:0.3174;structured_rf:non_blog:0.1500;structured_svm:non_blog:0.1391;tfidf:non_blog:0.0062;tfidf_nb:non_blog:0.0237;tfidf_svm:non_blog:0.0490
https://www.jeasyui.com/,https://www.jeasyui.com/,EasyUI - helps you build your web pages easily,non_blog,non_blog,0,6,structured:non_blog:0.1221;structured_rf:non_blog:0.0000;structured_svm:non_blog:0.0392;tfidf:non_blog:0.0009;tfidf_nb:non_blog:0.0032;tfidf_svm:non_blog:0.0218
https://www.jsbontop.com/,https://www.jsbontop.com/,外贸网站建设|外贸独立站定制|外贸建站公司-「邦拓国际」专业高端外贸网站设计制作,non_blog,non_blog,0,6,structured:non_blog:0.1391;structured_rf:non_blog:0.0000;structured_svm:non_blog:0.0513;tfidf:non_blog:0.0023;tfidf_nb:non_blog:0.0117;tfidf_svm:non_blog:0.0356
https://www.juhome.net/,https://www.juhome.net/,了解正宗化橘红，上JUHONG.COM - 化州橘红权威行业平台,non_blog,non_blog,0,6,structured:non_blog:0.2275;structured_rf:non_blog:0.1596;structured_svm:non_blog:0.0913;tfidf:non_blog:0.0773;tfidf_nb:non_blog:0.0228;tfidf_svm:non_blog:0.3139
https://www.kalefans.com/,https://www.kalefans.com/,大型工业智能节能风扇-超大吊扇-厂房车间降温-开勒环境科技,non_blog,non_blog,0,6,structured:non_blog:0.2472;structured_rf:non_blog:0.0000;structured_svm:non_blog:0.1007;tfidf:non_blog:0.0022;tfidf_nb:non_blog:0.0218;tfidf_svm:non_blog:0.0360
https://www.kokowo.cn/,https://www.kokowo.cn/,欲裕のHome,blog,blog,1,5,structured:blog:0.6198;structured_rf:non_blog:0.0336;structured_svm:non_blog:0.3933;tfidf:non_blog:0.0368;tfidf_nb:non_blog:0.0661;tfidf_svm:non_blog:0.1444
https://www.ksher.cn/,https://www.ksher.cn/,Ksher跨境支付_东南亚跨境收款_东南亚本土店收款平台-Ksher开时支付官网,non_blog,non_blog,0,6,structured:non_blog:0.1538;structured_rf:non_blog:0.0100;structured_svm:non_blog:0.0595;tfidf:non_blog:0.1856;tfidf_nb:non_blog:0.0197;tfidf_svm:non_blog:0.4151
https://www.lecpserver.com/,https://www.lecpserver.com,LECPServer | Efficient and free PLC communication middlewar,non_blog,non_blog,0,6,structured:non_blog:0.0420;structured_rf:non_blog:0.0000;structured_svm:non_blog:0.0125;tfidf:non_blog:0.0003;tfidf_nb:non_blog:0.0014;tfidf_svm:non_blog:0.0096
https://www.lhh1.com/,https://www.lhh1.com/,,non_blog,non_blog,0,6,structured:non_blog:0.1541;structured_rf:non_blog:0.0100;structured_svm:non_blog:0.1389;tfidf:non_blog:0.0442;tfidf_nb:non_blog:0.0192;tfidf_svm:non_blog:0.2429
https://www.liebao.cn/,https://www.liebao.cn/,猎豹浏览器 - 猎豹安全浏览器 - 猎豹浏览器下载 ！,non_blog,non_blog,0,6,structured:non_blog:0.2931;structured_rf:non_blog:0.1000;structured_svm:non_blog:0.1303;tfidf:non_blog:0.0336;tfidf_nb:non_blog:0.0362;tfidf_svm:non_blog:0.1158
https://www.linyufan.com/,https://www.linyufan.com,林羽凡-林羽凡博客,blog,blog,3,3,structured:blog:0.5457;structured_rf:non_blog:0.0539;structured_svm:non_blog:0.3186;tfidf:blog:1.0000;tfidf_nb:non_blog:0.4763;tfidf_svm:blog:1.0000
https://www.lsky.pro/,https://www.lsky.pro,兰空图床 - 您的图片存储与管理解决方案,non_blog,non_blog,0,6,structured:non_blog:0.3944;structured_rf:non_blog:0.0168;structured_svm:non_blog:0.1958;tfidf:non_blog:0.1171;tfidf_nb:non_blog:0.1373;tfidf_svm:non_blog:0.3044
https://www.lvruanhome.com/,https://www.lvruanhome.com/,绿软之家_LVRUANHOME | 绿色软件分享与交流社区,non_blog,non_blog,0,6,structured:non_blog:0.2141;structured_rf:non_blog:0.0100;structured_svm:non_blog:0.0870;tfidf:non_blog:0.0026;tfidf_nb:non_blog:0.0130;tfidf_svm:non_blog:0.0256
https://www.markcopy.ai/,https://www.markcopy.ai/,Mark Copy AI : Content that Matches Your Brand Voice,non_blog,non_blog,0,6,structured:non_blog:0.0888;structured_rf:non_blog:0.0000;structured_svm:non_blog:0.0262;tfidf:non_blog:0.0006;tfidf_nb:non_blog:0.0074;tfidf_svm:non_blog:0.0152
https://www.mybigai.ac.cn/,https://www.mybigai.ac.cn/,北京通用人工智能研究院官方网站,non_blog,non_blog,0,6,structured:non_blog:0.1562;structured_rf:non_blog:0.0952;structured_svm:non_blog:0.0795;tfidf:non_blog:0.0163;tfidf_nb:non_blog:0.0596;tfidf_svm:non_blog:0.0817
https://www.noitom.com.cn/,https://www.noitom.com.cn/,实时动作捕捉软件|系统|设备_真人|虚拟动作捕捉技术-Noitom诺亦腾官网,non_blog,non_blog,0,6,structured:non_blog:0.0539;structured_rf:non_blog:0.0050;structured_svm:non_blog:0.0225;tfidf:non_blog:0.0022;tfidf_nb:non_blog:0.0054;tfidf_svm:non_blog:0.0377
https://www.openexoplanetcatalogue.com/,https://www.openexoplanetcatalogue.com/,Open Exoplanet Catalogue,non_blog,non_blog,0,6,structured:non_blog:0.1738;structured_rf:non_blog:0.0074;structured_svm:non_blog:0.0675;tfidf:non_blog:0.0018;tfidf_nb:non_blog:0.0252;tfidf_svm:non_blog:0.0298
https://www.paoba.com/,https://www.paoba.com,泡吧-让夜生活更精彩！ - 泡吧网-全国酒吧夜生活第一门户！,non_blog,non_blog,0,6,structured:non_blog:0.2651;structured_rf:non_blog:0.2500;structured_svm:non_blog:0.1109;tfidf:non_blog:0.0157;tfidf_nb:non_blog:0.0361;tfidf_svm:non_blog:0.1338
https://www.puxiaoshuai.top/,https://www.puxiaoshuai.top,大道至简_时光是画在卷上的河流,blog,blog,3,3,structured:non_blog:0.3955;structured_rf:non_blog:0.3024;structured_svm:non_blog:0.1967;tfidf:blog:0.9944;tfidf_nb:blog:0.6040;tfidf_svm:blog:0.9863
https://www.rask.ai/,https://www.rask.ai/,Leading AI video localization & dubbing tool,non_blog,non_blog,0,6,structured:non_blog:0.1454;structured_rf:non_blog:0.0100;structured_svm:non_blog:0.0523;tfidf:non_blog:0.0014;tfidf_nb:non_blog:0.0113;tfidf_svm:non_blog:0.0260
https://www.seaepoch.com/,https://www.seaepoch.com,SeaEpoch - 海纪元,blog,non_blog,0,6,structured:non_blog:0.4545;structured_rf:non_blog:0.0710;structured_svm:non_blog:0.2417;tfidf:non_blog:0.0189;tfidf_nb:non_blog:0.0247;tfidf_svm:non_blog:0.1455
https://www.shnne.com/,https://www.shnne.com,恒也 - 运维博客,blog,blog,3,3,structured:blog:0.5865;structured_rf:non_blog:0.0650;structured_svm:non_blog:0.3614;tfidf:blog:0.8787;tfidf_nb:non_blog:0.0236;tfidf_svm:blog:0.8937
https://www.smmnn.com/,https://www.smmnn.com/,SMMNN|金属行业新闻_LME库存数据_大宗商品行情分析,non_blog,non_blog,0,6,structured:non_blog:0.2771;structured_rf:non_blog:0.0289;structured_svm:non_blog:0.1163;tfidf:non_blog:0.0012;tfidf_nb:non_blog:0.0195;tfidf_svm:non_blog:0.0210
https://www.suiyil.cn/,https://www.suiyil.cn/,随意之光的港湾 · 博客 - 随意之光个人分享,blog,blog,2,4,structured:non_blog:0.3557;structured_rf:non_blog:0.2274;structured_svm:non_blog:0.1676;tfidf:blog:0.6018;tfidf_nb:non_blog:0.1856;tfidf_svm:blog:0.7272
https://www.taomingba.com/,https://www.taomingba.com,"淘名吧起名网-宝宝ai起名字,改名,诗经取名字,姓名字测试打分",non_blog,non_blog,0,6,structured:non_blog:0.2264;structured_rf:non_blog:0.0300;structured_svm:non_blog:0.0874;tfidf:non_blog:0.0006;tfidf_nb:non_blog:0.0173;tfidf_svm:non_blog:0.0187
https://www.telrobot.top/,https://www.telrobot.top/,【官网】云蝠智能VoiceAgent 大模型呼叫 AI 语音智能体 智能体呼叫 AI 呼叫 AI 外呼,non_blog,non_blog,0,6,structured:non_blog:0.0961;structured_rf:non_blog:0.0150;structured_svm:non_blog:0.0273;tfidf:non_blog:0.0301;tfidf_nb:non_blog:0.0361;tfidf_svm:non_blog:0.1182
https://www.uaudio.com/,https://www.uaudio.com/,Universal Audio | Audio Interfaces | UAD Plug-Ins,non_blog,non_blog,0,6,structured:non_blog:0.0993;structured_rf:non_blog:0.0150;structured_svm:non_blog:0.0324;tfidf:non_blog:0.0002;tfidf_nb:non_blog:0.0053;tfidf_svm:non_blog:0.0075
https://www.unscreen.com/,https://www.unscreen.com/,Unscreen,non_blog,blog,1,5,structured:blog:0.5359;structured_rf:non_blog:0.0166;structured_svm:non_blog:0.3124;tfidf:non_blog:0.0035;tfidf_nb:non_blog:0.0166;tfidf_svm:non_blog:0.0597
https://www.vcgapi.com/,https://www.vcgapi.com,API,non_blog,blog,1,5,structured:blog:0.6577;structured_rf:non_blog:0.4339;structured_svm:non_blog:0.4442;tfidf:non_blog:0.0008;tfidf_nb:non_blog:0.0155;tfidf_svm:non_blog:0.0168
https://www.wc1234.cn/,https://www.wc1234.cn/,沃茨博客 – 一个热爱分享与交流的网站,blog,blog,2,4,structured:non_blog:0.2613;structured_rf:non_blog:0.0274;structured_svm:non_blog:0.1005;tfidf:blog:0.9933;tfidf_nb:non_blog:0.1594;tfidf_svm:blog:0.9852
https://www.wenzhuangyuan.cn/,https://www.wenzhuangyuan.cn,文状元官网 - AI写材料，就用文状元！,non_blog,blog,1,5,structured:non_blog:0.3234;structured_rf:non_blog:0.1300;structured_svm:non_blog:0.1474;tfidf:non_blog:0.2789;tfidf_nb:non_blog:0.1297;tfidf_svm:blog:0.5000
https://www.wsjj.top/,https://www.wsjj.top,网笙久久的博客,blog,blog,5,1,structured:blog:0.6062;structured_rf:blog:0.6498;structured_svm:non_blog:0.3828;tfidf:blog:1.0000;tfidf_nb:blog:0.8816;tfidf_svm:blog:1.0000
https://www.xiaomayicloud.com/,https://www.xiaomayicloud.com/,小蚂蚁云官网 - 小蚂蚁云数据中台应用架构|后台管理系统|权限管理系统|敏捷开发框架|快速开发框架|企业管理系统|开源框架|微服务框架|前后端分离框架|开源后台系统|小蚂蚁云文档|小蚂蚁云开发文档|XiaoMaYi|XiaoMaYi-Vue|XiaoMaYi-Cloud|XiaoMaYi框架|XiaoMaYi开源|XiaoMaYi视频,non_blog,non_blog,0,6,structured:non_blog:0.0000;structured_rf:non_blog:0.0550;structured_svm:non_blog:0.0000;tfidf:non_blog:0.0316;tfidf_nb:non_blog:0.0002;tfidf_svm:non_blog:0.3023
https://www.xu69.com/,https://www.xu69.com,"一个精美的个人博客,记录平时的学习笔记",blog,blog,2,4,structured:non_blog:0.3324;structured_rf:non_blog:0.0324;structured_svm:non_blog:0.1449;tfidf:blog:0.6224;tfidf_nb:non_blog:0.1408;tfidf_svm:blog:0.7672
https://www.yixuemao.com/,https://www.yixuemao.com/,医学猫,non_blog,blog,2,4,structured:blog:0.6341;structured_rf:blog:0.6796;structured_svm:non_blog:0.4180;tfidf:non_blog:0.0007;tfidf_nb:non_blog:0.0110;tfidf_svm:non_blog:0.0150
https://www.ynpxrz.com/,https://www.ynpxrz.com,易贤网—原培训认证网|考试网|人事考试网|招聘网|人才网|报名|成绩查询,non_blog,non_blog,0,6,structured:non_blog:0.2291;structured_rf:non_blog:0.1400;structured_svm:non_blog:0.0792;tfidf:non_blog:0.0001;tfidf_nb:non_blog:0.0162;tfidf_svm:non_blog:0.0035
https://www.youzan.com/,https://www.youzan.com/,"智能CRM管理系统, 营销自动化解决方案 - 有赞科技",non_blog,non_blog,0,6,structured:non_blog:0.2802;structured_rf:non_blog:0.0626;structured_svm:non_blog:0.1220;tfidf:non_blog:0.0001;tfidf_nb:non_blog:0.0020;tfidf_svm:non_blog:0.0023
https://www.yunyanck.cn/,https://www.yunyanck.cn/,云烟博客 | 网络安全实战经验与个人技术成长笔记,blog,blog,2,4,structured:non_blog:0.2921;structured_rf:non_blog:0.2374;structured_svm:non_blog:0.1303;tfidf:blog:0.9886;tfidf_nb:non_blog:0.1813;tfidf_svm:blog:0.9776
https://www.zeroqing.com/,https://www.zeroqing.com/,ZeroQing's blog,blog,blog,6,0,structured:blog:0.9760;structured_rf:blog:0.9750;structured_svm:blog:0.9706;tfidf:blog:0.9994;tfidf_nb:blog:0.5270;tfidf_svm:blog:0.9963
https://www.zhunaqu.com/,https://www.zhunaqu.com,住哪去精品民宿网-零差价全国农家乐民宿短租预订平台,non_blog,non_blog,0,6,structured:non_blog:0.2744;structured_rf:non_blog:0.1486;structured_svm:non_blog:0.1192;tfidf:non_blog:0.0002;tfidf_nb:non_blog:0.0076;tfidf_svm:non_blog:0.0068
https://www.zmtests.com/,https://www.zmtests.com/,卓码软件测评_湖南卓码软件测评有限公司_第三方软件测试_软件测试机构_CNAS/CMA软件测试报告_软件验收测试_软件评测中心,non_blog,non_blog,0,6,structured:non_blog:0.0397;structured_rf:non_blog:0.0200;structured_svm:non_blog:0.0114;tfidf:non_blog:0.0000;tfidf_nb:non_blog:0.0027;tfidf_svm:non_blog:0.0027
https://xfox.fun/,https://xfox.fun/,未知狐的小窝,blog,blog,6,0,structured:blog:0.8732;structured_rf:blog:0.9338;structured_svm:blog:0.6881;tfidf:blog:1.0000;tfidf_nb:blog:0.9152;tfidf_svm:blog:1.0000
https://xiumi.us/,https://xiumi.us/,秀米编辑器官网_微信公众号排版和H5制作,non_blog,blog,1,5,structured:blog:0.7264;structured_rf:non_blog:0.4108;structured_svm:non_blog:0.4375;tfidf:non_blog:0.1439;tfidf_nb:non_blog:0.4022;tfidf_svm:non_blog:0.2958
https://xt.patenthub.cn/,https://xt.patenthub.cn,专利代理学习-专利学堂平台,non_blog,non_blog,0,6,structured:non_blog:0.4833;structured_rf:non_blog:0.0444;structured_svm:non_blog:0.2632;tfidf:non_blog:0.0025;tfidf_nb:non_blog:0.0802;tfidf_svm:non_blog:0.0250
https://xyq.jianying.com/,https://xyq.jianying.com/,小云雀AI | 一句话打造一个爆款,non_blog,blog,1,5,structured:non_blog:0.3992;structured_rf:non_blog:0.4774;structured_svm:non_blog:0.2001;tfidf:non_blog:0.3411;tfidf_nb:non_blog:0.2605;tfidf_svm:blog:0.5286
https://yc.yjzf.com/,https://yc.yjzf.com/,"宜昌「买房,租房」-新房,二手房,出租房都齐全-宜昌优居找房",non_blog,non_blog,0,6,structured:non_blog:0.3319;structured_rf:non_blog:0.2300;structured_svm:non_blog:0.1327;tfidf:non_blog:0.0059;tfidf_nb:non_blog:0.1262;tfidf_svm:non_blog:0.0573
https://ying.baichuan-ai.com/,https://ying.baichuan-ai.com,百小应,non_blog,blog,1,5,structured:blog:0.5678;structured_rf:non_blog:0.4850;structured_svm:non_blog:0.4380;tfidf:non_blog:0.0194;tfidf_nb:non_blog:0.1030;tfidf_svm:non_blog:0.1149
https://youdao-m.com/,https://youdao-m.com,有道词典官网 - 有道词典下载 | 有道划词翻译、有道文档翻译、网页翻译 - youdao-m.com,non_blog,non_blog,0,6,structured:non_blog:0.2633;structured_rf:non_blog:0.1050;structured_svm:non_blog:0.1035;tfidf:non_blog:0.0007;tfidf_nb:non_blog:0.0381;tfidf_svm:non_blog:0.0106
https://ysx.cosine.ren/,https://ysx.cosine.ren/,cosine = 余弦の博客 = WA 的一声就哭了,blog,blog,2,4,structured:non_blog:0.3307;structured_rf:non_blog:0.0539;structured_svm:non_blog:0.1425;tfidf:blog:0.8775;tfidf_nb:non_blog:0.1553;tfidf_svm:blog:0.8745
https://yuncan.xyz/,https://yuncan.xyz/,云灿の随笔小站,blog,blog,6,0,structured:blog:0.8646;structured_rf:blog:0.6724;structured_svm:blog:0.6663;tfidf:blog:0.9994;tfidf_nb:blog:0.8975;tfidf_svm:blog:0.9971
https://yuubari.cn/,https://yuubari.cn/,朝瓜夕拾 | 瓜瓜和果果的Blog,blog,blog,6,0,structured:blog:0.9932;structured_rf:blog:0.7486;structured_svm:blog:0.9898;tfidf:blog:1.0000;tfidf_nb:blog:0.9411;tfidf_svm:blog:1.0000
https://zcm.com.au/,https://zcm.com.au/,B E A R W I N D O W S,non_blog,blog,1,5,structured:blog:0.5639;structured_rf:non_blog:0.2200;structured_svm:non_blog:0.2531;tfidf:non_blog:0.0112;tfidf_nb:non_blog:0.0363;tfidf_svm:non_blog:0.1130
https://zgs.yvyy.net/,https://zgs.yvyy.net/,中国色 - 中国传统颜色,non_blog,blog,1,5,structured:blog:0.5435;structured_rf:non_blog:0.0673;structured_svm:non_blog:0.3174;tfidf:non_blog:0.0001;tfidf_nb:non_blog:0.0070;tfidf_svm:non_blog:0.0024
https://zhibo.co188.com/,https://zhibo.co188.com/,在线直播_土木在线,non_blog,non_blog,0,6,structured:non_blog:0.4499;structured_rf:non_blog:0.3678;structured_svm:non_blog:0.2210;tfidf:non_blog:0.0001;tfidf_nb:non_blog:0.0069;tfidf_svm:non_blog:0.0042
https://zhsher.cn/,https://zhsher.cn,张时贰 - 小张同学,blog,blog,5,1,structured:blog:0.8443;structured_rf:blog:0.8150;structured_svm:blog:0.6305;tfidf:blog:0.7596;tfidf_nb:non_blog:0.2449;tfidf_svm:blog:0.7631
https://zizhi.aliyun.com/,https://zizhi.aliyun.com/,网络文化许可证_ICP/EDI许可证_企业资质_阿里云,non_blog,non_blog,0,6,structured:non_blog:0.2913;structured_rf:non_blog:0.0200;structured_svm:non_blog:0.1199;tfidf:non_blog:0.0001;tfidf_nb:non_blog:0.0020;tfidf_svm:non_blog:0.0039
https://zsyyblog.com/,https://zsyyblog.com,竹山一叶 - 竹山一叶的小家,blog,blog,6,0,structured:blog:0.9944;structured_rf:blog:0.6099;structured_svm:blog:0.9897;tfidf:blog:0.9993;tfidf_nb:blog:0.8633;tfidf_svm:blog:0.9964
https://zz.eduease.com/,https://zz.eduease.com/,֣�ݼҽ���_֣�ݼҽ�һ��һ����-���׽�����15��ҽ�Ʒ��,non_blog,non_blog,0,6,structured:non_blog:0.1286;structured_rf:non_blog:0.0000;structured_svm:non_blog:0.0596;tfidf:non_blog:0.0002;tfidf_nb:non_blog:0.0004;tfidf_svm:non_blog:0.0171
